id;eventId;trainingModuleId;responsibleId
1;1;1;208
2;1;2;208
3;1;3;208
4;1;4;208
5;1;5;208
6;1;1;187
7;1;2;187
8;1;3;187
9;1;4;187
10;1;5;187
11;1;1;185
12;1;2;185
13;1;3;185
14;1;4;185
15;1;5;185
16;1;1;183
17;1;2;183
18;1;3;183
19;1;4;183
20;1;5;183
21;1;1;176
22;1;2;176
23;1;3;176
24;1;4;176
25;1;5;176
26;1;1;175
27;1;2;175
28;1;3;175
29;1;4;175
30;1;5;175
31;1;1;151
32;1;2;151
33;1;3;151
34;1;4;151
35;1;5;151
36;1;1;150
37;1;2;150
38;1;3;150
39;1;4;150
40;1;5;150
41;1;1;133
42;1;2;133
43;1;3;133
44;1;4;133
45;1;5;133
46;1;1;130
47;1;2;130
48;1;3;130
49;1;4;130
50;1;5;130
51;1;1;127
52;1;2;127
53;1;3;127
54;1;4;127
55;1;5;127
56;1;1;116
57;1;2;116
58;1;3;116
59;1;4;116
60;1;5;116
61;1;1;114
62;1;2;114
63;1;3;114
64;1;4;114
65;1;5;114
66;1;1;111
67;1;2;111
68;1;3;111
69;1;4;111
70;1;5;111
71;1;1;242
72;1;2;242
73;1;3;242
74;1;4;242
75;1;5;242
76;1;1;5
77;1;2;5
78;1;3;5
79;1;4;5
80;1;5;5
81;1;1;96
82;1;2;96
83;1;3;96
84;1;4;96
85;1;5;96
86;1;1;95
87;1;2;95
88;1;3;95
89;1;4;95
90;1;5;95
91;1;1;92
92;1;2;92
93;1;3;92
94;1;4;92
95;1;5;92
96;1;1;86
97;1;2;86
98;1;3;86
99;1;4;86
100;1;5;86
101;1;1;84
102;1;2;84
103;1;3;84
104;1;4;84
105;1;5;84
106;1;1;148
107;1;2;148
108;1;3;148
109;1;4;148
110;1;5;148
111;1;1;63
112;1;2;63
113;1;3;63
114;1;4;63
115;1;5;63
116;1;1;60
117;1;2;60
118;1;3;60
119;1;4;60
120;1;5;60
121;1;1;57
122;1;2;57
123;1;3;57
124;1;4;57
125;1;5;57
126;1;1;43
127;1;2;43
128;1;3;43
129;1;4;43
130;1;5;43
131;1;1;40
132;1;2;40
133;1;3;40
134;1;4;40
135;1;5;40
136;1;1;36
137;1;2;36
138;1;3;36
139;1;4;36
140;1;5;36
141;1;1;26
142;1;2;26
143;1;3;26
144;1;4;26
145;1;5;26
146;1;1;3
147;1;2;3
148;1;3;3
149;1;4;3
150;1;5;3
151;1;1;2
152;1;2;2
153;1;3;2
154;1;4;2
155;1;5;2
156;1;1;168
157;1;2;168
158;1;3;168
159;1;4;168
160;1;5;168
161;1;1;136
162;1;2;136
163;1;3;136
164;1;4;136
165;1;5;136
166;1;1;316
167;1;2;316
168;1;3;316
169;1;4;316
170;1;5;316
171;1;1;314
172;1;2;314
173;1;3;314
174;1;4;314
175;1;5;314
176;1;1;312
177;1;2;312
178;1;3;312
179;1;4;312
180;1;5;312
181;1;1;308
182;1;2;308
183;1;3;308
184;1;4;308
185;1;5;308
186;1;1;305
187;1;2;305
188;1;3;305
189;1;4;305
190;1;5;305
191;1;1;302
192;1;2;302
193;1;3;302
194;1;4;302
195;1;5;302
196;1;1;292
197;1;2;292
198;1;3;292
199;1;4;292
200;1;5;292
201;1;1;288
202;1;2;288
203;1;3;288
204;1;4;288
205;1;5;288
206;1;1;280
207;1;2;280
208;1;3;280
209;1;4;280
210;1;5;280
211;1;1;267
212;1;2;267
213;1;3;267
214;1;4;267
215;1;5;267
216;1;1;263
217;1;2;263
218;1;3;263
219;1;4;263
220;1;5;263
221;1;1;251
222;1;2;251
223;1;3;251
224;1;4;251
225;1;5;251
226;1;1;249
227;1;2;249
228;1;3;249
229;1;4;249
230;1;5;249
231;1;1;238
232;1;2;238
233;1;3;238
234;1;4;238
235;1;5;238
236;1;1;233
237;1;2;233
238;1;3;233
239;1;4;233
240;1;5;233
241;1;1;230
242;1;2;230
243;1;3;230
244;1;4;230
245;1;5;230
246;1;1;228
247;1;2;228
248;1;3;228
249;1;4;228
250;1;5;228
251;1;1;223
252;1;2;223
253;1;3;223
254;1;4;223
255;1;5;223
256;2;1;5323
257;2;2;5323
258;2;3;5323
259;2;4;5323
260;2;5;5323
261;2;1;143
262;2;2;143
263;2;3;143
264;2;4;143
265;2;5;143
266;2;1;56
267;2;2;56
268;2;3;56
269;2;4;56
270;2;5;56
271;2;1;274
272;2;2;274
273;2;3;274
274;2;4;274
275;2;5;274
276;2;1;119
277;2;2;119
278;2;3;119
279;2;4;119
280;2;5;119
281;2;1;139
282;2;2;139
283;2;3;139
284;2;4;139
285;2;5;139
286;2;1;309
287;2;2;309
288;2;3;309
289;2;4;309
290;2;5;309
291;2;1;118
292;2;2;118
293;2;3;118
294;2;4;118
295;2;5;118
296;2;1;107
297;2;2;107
298;2;3;107
299;2;4;107
300;2;5;107
301;2;1;145
302;2;2;145
303;2;3;145
304;2;4;145
305;2;5;145
306;2;1;310
307;2;2;310
308;2;3;310
309;2;4;310
310;2;5;310
311;2;1;117
312;2;2;117
313;2;3;117
314;2;4;117
315;2;5;117
316;2;1;277
317;2;2;277
318;2;3;277
319;2;4;277
320;2;5;277
321;2;1;153
322;2;2;153
323;2;3;153
324;2;4;153
325;2;5;153
326;2;1;311
327;2;2;311
328;2;3;311
329;2;4;311
330;2;5;311
331;2;1;115
332;2;2;115
333;2;3;115
334;2;4;115
335;2;5;115
336;2;1;146
337;2;2;146
338;2;3;146
339;2;4;146
340;2;5;146
341;2;1;313
342;2;2;313
343;2;3;313
344;2;4;313
345;2;5;313
346;2;1;275
347;2;2;275
348;2;3;275
349;2;4;275
350;2;5;275
351;2;1;113
352;2;2;113
353;2;3;113
354;2;4;113
355;2;5;113
356;2;1;315
357;2;2;315
358;2;3;315
359;2;4;315
360;2;5;315
361;2;1;112
362;2;2;112
363;2;3;112
364;2;4;112
365;2;5;112
366;2;1;140
367;2;2;140
368;2;3;140
369;2;4;140
370;2;5;140
371;2;1;273
372;2;2;273
373;2;3;273
374;2;4;273
375;2;5;273
376;2;1;318
377;2;2;318
378;2;3;318
379;2;4;318
380;2;5;318
381;2;1;110
382;2;2;110
383;2;3;110
384;2;4;110
385;2;5;110
386;2;1;276
387;2;2;276
388;2;3;276
389;2;4;276
390;2;5;276
391;2;1;147
392;2;2;147
393;2;3;147
394;2;4;147
395;2;5;147
396;2;1;106
397;2;2;106
398;2;3;106
399;2;4;106
400;2;5;106
401;2;1;105
402;2;2;105
403;2;3;105
404;2;4;105
405;2;5;105
406;2;1;138
407;2;2;138
408;2;3;138
409;2;4;138
410;2;5;138
411;2;1;149
412;2;2;149
413;2;3;149
414;2;4;149
415;2;5;149
416;2;1;154
417;2;2;154
418;2;3;154
419;2;4;154
420;2;5;154
421;2;1;272
422;2;2;272
423;2;3;272
424;2;4;272
425;2;5;272
426;2;1;155
427;2;2;155
428;2;3;155
429;2;4;155
430;2;5;155
431;2;1;108
432;2;2;108
433;2;3;108
434;2;4;108
435;2;5;108
436;2;1;109
437;2;2;109
438;2;3;109
439;2;4;109
440;2;5;109
441;2;1;278
442;2;2;278
443;2;3;278
444;2;4;278
445;2;5;278
446;2;1;285
447;2;2;285
448;2;3;285
449;2;4;285
450;2;5;285
451;2;1;303
452;2;2;303
453;2;3;303
454;2;4;303
455;2;5;303
456;2;1;122
457;2;2;122
458;2;3;122
459;2;4;122
460;2;5;122
461;2;1;304
462;2;2;304
463;2;3;304
464;2;4;304
465;2;5;304
466;2;1;120
467;2;2;120
468;2;3;120
469;2;4;120
470;2;5;120
471;2;1;307
472;2;2;307
473;2;3;307
474;2;4;307
475;2;5;307
476;2;1;123
477;2;2;123
478;2;3;123
479;2;4;123
480;2;5;123
481;2;1;301
482;2;2;301
483;2;3;301
484;2;4;301
485;2;5;301
486;2;1;144
487;2;2;144
488;2;3;144
489;2;4;144
490;2;5;144
491;2;1;124
492;2;2;124
493;2;3;124
494;2;4;124
495;2;5;124
496;2;1;300
497;2;2;300
498;2;3;300
499;2;4;300
500;2;5;300
501;2;1;284
502;2;2;284
503;2;3;284
504;2;4;284
505;2;5;284
506;2;1;125
507;2;2;125
508;2;3;125
509;2;4;125
510;2;5;125
511;2;1;298
512;2;2;298
513;2;3;298
514;2;4;298
515;2;5;298
516;2;1;126
517;2;2;126
518;2;3;126
519;2;4;126
520;2;5;126
521;2;1;297
522;2;2;297
523;2;3;297
524;2;4;297
525;2;5;297
526;2;1;279
527;2;2;279
528;2;3;279
529;2;4;279
530;2;5;279
531;2;1;6
532;2;2;6
533;2;3;6
534;2;4;6
535;2;5;6
536;2;1;7
537;2;2;7
538;2;3;7
539;2;4;7
540;2;5;7
541;2;1;4
542;2;2;4
543;2;3;4
544;2;4;4
545;2;5;4
546;2;1;1
547;2;2;1
548;2;3;1
549;2;4;1
550;2;5;1
551;2;1;8
552;2;2;8
553;2;3;8
554;2;4;8
555;2;5;8
556;2;1;9
557;2;2;9
558;2;3;9
559;2;4;9
560;2;5;9
561;2;1;10
562;2;2;10
563;2;3;10
564;2;4;10
565;2;5;10
566;2;1;128
567;2;2;128
568;2;3;128
569;2;4;128
570;2;5;128
571;2;1;11
572;2;2;11
573;2;3;11
574;2;4;11
575;2;5;11
576;2;1;12
577;2;2;12
578;2;3;12
579;2;4;12
580;2;5;12
581;2;1;13
582;2;2;13
583;2;3;13
584;2;4;13
585;2;5;13
586;2;1;214
587;2;2;214
588;2;3;214
589;2;4;214
590;2;5;214
591;2;1;14
592;2;2;14
593;2;3;14
594;2;4;14
595;2;5;14
596;2;1;213
597;2;2;213
598;2;3;213
599;2;4;213
600;2;5;213
601;2;1;296
602;2;2;296
603;2;3;296
604;2;4;296
605;2;5;296
606;2;1;15
607;2;2;15
608;2;3;15
609;2;4;15
610;2;5;15
611;2;1;215
612;2;2;215
613;2;3;215
614;2;4;215
615;2;5;215
616;2;1;16
617;2;2;16
618;2;3;16
619;2;4;16
620;2;5;16
621;2;1;17
622;2;2;17
623;2;3;17
624;2;4;17
625;2;5;17
626;2;1;212
627;2;2;212
628;2;3;212
629;2;4;212
630;2;5;212
631;2;1;216
632;2;2;216
633;2;3;216
634;2;4;216
635;2;5;216
636;2;1;18
637;2;2;18
638;2;3;18
639;2;4;18
640;2;5;18
641;2;1;211
642;2;2;211
643;2;3;211
644;2;4;211
645;2;5;211
646;2;1;217
647;2;2;217
648;2;3;217
649;2;4;217
650;2;5;217
651;2;1;20
652;2;2;20
653;2;3;20
654;2;4;20
655;2;5;20
656;2;1;210
657;2;2;210
658;2;3;210
659;2;4;210
660;2;5;210
661;2;1;218
662;2;2;218
663;2;3;218
664;2;4;218
665;2;5;218
666;2;1;21
667;2;2;21
668;2;3;21
669;2;4;21
670;2;5;21
671;2;1;129
672;2;2;129
673;2;3;129
674;2;4;129
675;2;5;129
676;2;1;22
677;2;2;22
678;2;3;22
679;2;4;22
680;2;5;22
681;2;1;23
682;2;2;23
683;2;3;23
684;2;4;23
685;2;5;23
686;2;1;209
687;2;2;209
688;2;3;209
689;2;4;209
690;2;5;209
691;2;1;219
692;2;2;219
693;2;3;219
694;2;4;219
695;2;5;219
696;2;1;24
697;2;2;24
698;2;3;24
699;2;4;24
700;2;5;24
701;2;1;207
702;2;2;207
703;2;3;207
704;2;4;207
705;2;5;207
706;2;1;25
707;2;2;25
708;2;3;25
709;2;4;25
710;2;5;25
711;2;1;220
712;2;2;220
713;2;3;220
714;2;4;220
715;2;5;220
716;2;1;206
717;2;2;206
718;2;3;206
719;2;4;206
720;2;5;206
721;2;1;27
722;2;2;27
723;2;3;27
724;2;4;27
725;2;5;27
726;2;1;295
727;2;2;295
728;2;3;295
729;2;4;295
730;2;5;295
731;2;1;281
732;2;2;281
733;2;3;281
734;2;4;281
735;2;5;281
736;2;1;29
737;2;2;29
738;2;3;29
739;2;4;29
740;2;5;29
741;2;1;221
742;2;2;221
743;2;3;221
744;2;4;221
745;2;5;221
746;2;1;205
747;2;2;205
748;2;3;205
749;2;4;205
750;2;5;205
751;2;1;31
752;2;2;31
753;2;3;31
754;2;4;31
755;2;5;31
756;2;1;222
757;2;2;222
758;2;3;222
759;2;4;222
760;2;5;222
761;2;1;204
762;2;2;204
763;2;3;204
764;2;4;204
765;2;5;204
766;2;1;32
767;2;2;32
768;2;3;32
769;2;4;32
770;2;5;32
771;2;1;224
772;2;2;224
773;2;3;224
774;2;4;224
775;2;5;224
776;2;1;203
777;2;2;203
778;2;3;203
779;2;4;203
780;2;5;203
781;2;1;33
782;2;2;33
783;2;3;33
784;2;4;33
785;2;5;33
786;2;1;131
787;2;2;131
788;2;3;131
789;2;4;131
790;2;5;131
791;2;1;293
792;2;2;293
793;2;3;293
794;2;4;293
795;2;5;293
796;2;1;34
797;2;2;34
798;2;3;34
799;2;4;34
800;2;5;34
801;2;1;35
802;2;2;35
803;2;3;35
804;2;4;35
805;2;5;35
806;2;1;225
807;2;2;225
808;2;3;225
809;2;4;225
810;2;5;225
811;2;1;202
812;2;2;202
813;2;3;202
814;2;4;202
815;2;5;202
816;2;1;37
817;2;2;37
818;2;3;37
819;2;4;37
820;2;5;37
821;2;1;226
822;2;2;226
823;2;3;226
824;2;4;226
825;2;5;226
826;2;1;39
827;2;2;39
828;2;3;39
829;2;4;39
830;2;5;39
831;2;1;201
832;2;2;201
833;2;3;201
834;2;4;201
835;2;5;201
836;2;1;227
837;2;2;227
838;2;3;227
839;2;4;227
840;2;5;227
841;2;1;41
842;2;2;41
843;2;3;41
844;2;4;41
845;2;5;41
846;2;1;132
847;2;2;132
848;2;3;132
849;2;4;132
850;2;5;132
851;2;1;42
852;2;2;42
853;2;3;42
854;2;4;42
855;2;5;42
856;2;1;44
857;2;2;44
858;2;3;44
859;2;4;44
860;2;5;44
861;2;1;200
862;2;2;200
863;2;3;200
864;2;4;200
865;2;5;200
866;2;1;229
867;2;2;229
868;2;3;229
869;2;4;229
870;2;5;229
871;2;1;46
872;2;2;46
873;2;3;46
874;2;4;46
875;2;5;46
876;2;1;231
877;2;2;231
878;2;3;231
879;2;4;231
880;2;5;231
881;2;1;47
882;2;2;47
883;2;3;47
884;2;4;47
885;2;5;47
886;2;1;198
887;2;2;198
888;2;3;198
889;2;4;198
890;2;5;198
891;2;1;232
892;2;2;232
893;2;3;232
894;2;4;232
895;2;5;232
896;2;1;48
897;2;2;48
898;2;3;48
899;2;4;48
900;2;5;48
901;2;1;291
902;2;2;291
903;2;3;291
904;2;4;291
905;2;5;291
906;2;1;49
907;2;2;49
908;2;3;49
909;2;4;49
910;2;5;49
911;2;1;51
912;2;2;51
913;2;3;51
914;2;4;51
915;2;5;51
916;2;1;197
917;2;2;197
918;2;3;197
919;2;4;197
920;2;5;197
921;2;1;52
922;2;2;52
923;2;3;52
924;2;4;52
925;2;5;52
926;2;1;234
927;2;2;234
928;2;3;234
929;2;4;234
930;2;5;234
931;2;1;196
932;2;2;196
933;2;3;196
934;2;4;196
935;2;5;196
936;2;1;53
937;2;2;53
938;2;3;53
939;2;4;53
940;2;5;53
941;2;1;235
942;2;2;235
943;2;3;235
944;2;4;235
945;2;5;235
946;2;1;195
947;2;2;195
948;2;3;195
949;2;4;195
950;2;5;195
951;2;1;54
952;2;2;54
953;2;3;54
954;2;4;54
955;2;5;54
956;2;1;283
957;2;2;283
958;2;3;283
959;2;4;283
960;2;5;283
961;2;1;134
962;2;2;134
963;2;3;134
964;2;4;134
965;2;5;134
966;2;1;58
967;2;2;58
968;2;3;58
969;2;4;58
970;2;5;58
971;2;1;236
972;2;2;236
973;2;3;236
974;2;4;236
975;2;5;236
976;2;1;194
977;2;2;194
978;2;3;194
979;2;4;194
980;2;5;194
981;2;1;59
982;2;2;59
983;2;3;59
984;2;4;59
985;2;5;59
986;2;1;237
987;2;2;237
988;2;3;237
989;2;4;237
990;2;5;237
991;2;1;193
992;2;2;193
993;2;3;193
994;2;4;193
995;2;5;193
996;2;1;62
997;2;2;62
998;2;3;62
999;2;4;62
1000;2;5;62
1001;2;1;239
1002;2;2;239
1003;2;3;239
1004;2;4;239
1005;2;5;239
1006;2;1;192
1007;2;2;192
1008;2;3;192
1009;2;4;192
1010;2;5;192
1011;2;1;64
1012;2;2;64
1013;2;3;64
1014;2;4;64
1015;2;5;64
1016;2;1;290
1017;2;2;290
1018;2;3;290
1019;2;4;290
1020;2;5;290
1021;2;1;142
1022;2;2;142
1023;2;3;142
1024;2;4;142
1025;2;5;142
1026;2;1;65
1027;2;2;65
1028;2;3;65
1029;2;4;65
1030;2;5;65
1031;2;1;66
1032;2;2;66
1033;2;3;66
1034;2;4;66
1035;2;5;66
1036;2;1;240
1037;2;2;240
1038;2;3;240
1039;2;4;240
1040;2;5;240
1041;2;1;67
1042;2;2;67
1043;2;3;67
1044;2;4;67
1045;2;5;67
1046;2;1;191
1047;2;2;191
1048;2;3;191
1049;2;4;191
1050;2;5;191
1051;2;1;241
1052;2;2;241
1053;2;3;241
1054;2;4;241
1055;2;5;241
1056;2;1;68
1057;2;2;68
1058;2;3;68
1059;2;4;68
1060;2;5;68
1061;2;1;190
1062;2;2;190
1063;2;3;190
1064;2;4;190
1065;2;5;190
1066;2;1;69
1067;2;2;69
1068;2;3;69
1069;2;4;69
1070;2;5;69
1071;2;1;189
1072;2;2;189
1073;2;3;189
1074;2;4;189
1075;2;5;189
1076;2;1;135
1077;2;2;135
1078;2;3;135
1079;2;4;135
1080;2;5;135
1081;2;1;70
1082;2;2;70
1083;2;3;70
1084;2;4;70
1085;2;5;70
1086;2;1;243
1087;2;2;243
1088;2;3;243
1089;2;4;243
1090;2;5;243
1091;2;1;71
1092;2;2;71
1093;2;3;71
1094;2;4;71
1095;2;5;71
1096;2;1;188
1097;2;2;188
1098;2;3;188
1099;2;4;188
1100;2;5;188
1101;2;1;244
1102;2;2;244
1103;2;3;244
1104;2;4;244
1105;2;5;244
1106;2;1;72
1107;2;2;72
1108;2;3;72
1109;2;4;72
1110;2;5;72
1111;2;1;184
1112;2;2;184
1113;2;3;184
1114;2;4;184
1115;2;5;184
1116;2;1;73
1117;2;2;73
1118;2;3;73
1119;2;4;73
1120;2;5;73
1121;2;1;245
1122;2;2;245
1123;2;3;245
1124;2;4;245
1125;2;5;245
1126;2;1;182
1127;2;2;182
1128;2;3;182
1129;2;4;182
1130;2;5;182
1131;2;1;74
1132;2;2;74
1133;2;3;74
1134;2;4;74
1135;2;5;74
1136;2;1;246
1137;2;2;246
1138;2;3;246
1139;2;4;246
1140;2;5;246
1141;2;1;289
1142;2;2;289
1143;2;3;289
1144;2;4;289
1145;2;5;289
1146;2;1;75
1147;2;2;75
1148;2;3;75
1149;2;4;75
1150;2;5;75
1151;2;1;181
1152;2;2;181
1153;2;3;181
1154;2;4;181
1155;2;5;181
1156;2;1;76
1157;2;2;76
1158;2;3;76
1159;2;4;76
1160;2;5;76
1161;2;1;250
1162;2;2;250
1163;2;3;250
1164;2;4;250
1165;2;5;250
1166;2;1;179
1167;2;2;179
1168;2;3;179
1169;2;4;179
1170;2;5;179
1171;2;1;77
1172;2;2;77
1173;2;3;77
1174;2;4;77
1175;2;5;77
1176;2;1;253
1177;2;2;253
1178;2;3;253
1179;2;4;253
1180;2;5;253
1181;2;1;178
1182;2;2;178
1183;2;3;178
1184;2;4;178
1185;2;5;178
1186;2;1;78
1187;2;2;78
1188;2;3;78
1189;2;4;78
1190;2;5;78
1191;2;1;254
1192;2;2;254
1193;2;3;254
1194;2;4;254
1195;2;5;254
1196;2;1;174
1197;2;2;174
1198;2;3;174
1199;2;4;174
1200;2;5;174
1201;2;1;79
1202;2;2;79
1203;2;3;79
1204;2;4;79
1205;2;5;79
1206;2;1;282
1207;2;2;282
1208;2;3;282
1209;2;4;282
1210;2;5;282
1211;2;1;80
1212;2;2;80
1213;2;3;80
1214;2;4;80
1215;2;5;80
1216;2;1;255
1217;2;2;255
1218;2;3;255
1219;2;4;255
1220;2;5;255
1221;2;1;81
1222;2;2;81
1223;2;3;81
1224;2;4;81
1225;2;5;81
1226;2;1;173
1227;2;2;173
1228;2;3;173
1229;2;4;173
1230;2;5;173
1231;2;1;256
1232;2;2;256
1233;2;3;256
1234;2;4;256
1235;2;5;256
1236;2;1;82
1237;2;2;82
1238;2;3;82
1239;2;4;82
1240;2;5;82
1241;2;1;172
1242;2;2;172
1243;2;3;172
1244;2;4;172
1245;2;5;172
1246;2;1;257
1247;2;2;257
1248;2;3;257
1249;2;4;257
1250;2;5;257
1251;2;1;83
1252;2;2;83
1253;2;3;83
1254;2;4;83
1255;2;5;83
1256;2;1;170
1257;2;2;170
1258;2;3;170
1259;2;4;170
1260;2;5;170
1261;2;1;258
1262;2;2;258
1263;2;3;258
1264;2;4;258
1265;2;5;258
1266;2;1;85
1267;2;2;85
1268;2;3;85
1269;2;4;85
1270;2;5;85
1271;2;1;169
1272;2;2;169
1273;2;3;169
1274;2;4;169
1275;2;5;169
1276;2;1;137
1277;2;2;137
1278;2;3;137
1279;2;4;137
1280;2;5;137
1281;2;1;87
1282;2;2;87
1283;2;3;87
1284;2;4;87
1285;2;5;87
1286;2;1;259
1287;2;2;259
1288;2;3;259
1289;2;4;259
1290;2;5;259
1291;2;1;88
1292;2;2;88
1293;2;3;88
1294;2;4;88
1295;2;5;88
1296;2;1;167
1297;2;2;167
1298;2;3;167
1299;2;4;167
1300;2;5;167
1301;2;1;89
1302;2;2;89
1303;2;3;89
1304;2;4;89
1305;2;5;89
1306;2;1;261
1307;2;2;261
1308;2;3;261
1309;2;4;261
1310;2;5;261
1311;2;1;166
1312;2;2;166
1313;2;3;166
1314;2;4;166
1315;2;5;166
1316;2;1;90
1317;2;2;90
1318;2;3;90
1319;2;4;90
1320;2;5;90
1321;2;1;104
1322;2;2;104
1323;2;3;104
1324;2;4;104
1325;2;5;104
1326;2;1;262
1327;2;2;262
1328;2;3;262
1329;2;4;262
1330;2;5;262
1331;2;1;165
1332;2;2;165
1333;2;3;165
1334;2;4;165
1335;2;5;165
1336;2;1;91
1337;2;2;91
1338;2;3;91
1339;2;4;91
1340;2;5;91
1341;2;1;264
1342;2;2;264
1343;2;3;264
1344;2;4;264
1345;2;5;264
1346;2;1;287
1347;2;2;287
1348;2;3;287
1349;2;4;287
1350;2;5;287
1351;2;1;93
1352;2;2;93
1353;2;3;93
1354;2;4;93
1355;2;5;93
1356;2;1;164
1357;2;2;164
1358;2;3;164
1359;2;4;164
1360;2;5;164
1361;2;1;94
1362;2;2;94
1363;2;3;94
1364;2;4;94
1365;2;5;94
1366;2;1;265
1367;2;2;265
1368;2;3;265
1369;2;4;265
1370;2;5;265
1371;2;1;163
1372;2;2;163
1373;2;3;163
1374;2;4;163
1375;2;5;163
1376;2;1;97
1377;2;2;97
1378;2;3;97
1379;2;4;97
1380;2;5;97
1381;2;1;266
1382;2;2;266
1383;2;3;266
1384;2;4;266
1385;2;5;266
1386;2;1;162
1387;2;2;162
1388;2;3;162
1389;2;4;162
1390;2;5;162
1391;2;1;98
1392;2;2;98
1393;2;3;98
1394;2;4;98
1395;2;5;98
1396;2;1;268
1397;2;2;268
1398;2;3;268
1399;2;4;268
1400;2;5;268
1401;2;1;99
1402;2;2;99
1403;2;3;99
1404;2;4;99
1405;2;5;99
1406;2;1;160
1407;2;2;160
1408;2;3;160
1409;2;4;160
1410;2;5;160
1411;2;1;141
1412;2;2;141
1413;2;3;141
1414;2;4;141
1415;2;5;141
1416;2;1;100
1417;2;2;100
1418;2;3;100
1419;2;4;100
1420;2;5;100
1421;2;1;269
1422;2;2;269
1423;2;3;269
1424;2;4;269
1425;2;5;269
1426;2;1;101
1427;2;2;101
1428;2;3;101
1429;2;4;101
1430;2;5;101
1431;2;1;159
1432;2;2;159
1433;2;3;159
1434;2;4;159
1435;2;5;159
1436;2;1;270
1437;2;2;270
1438;2;3;270
1439;2;4;270
1440;2;5;270
1441;2;1;102
1442;2;2;102
1443;2;3;102
1444;2;4;102
1445;2;5;102
1446;2;1;157
1447;2;2;157
1448;2;3;157
1449;2;4;157
1450;2;5;157
1451;2;1;271
1452;2;2;271
1453;2;3;271
1454;2;4;271
1455;2;5;271
1456;2;1;103
1457;2;2;103
1458;2;3;103
1459;2;4;103
1460;2;5;103
1461;2;1;30
1462;2;2;30
1463;2;3;30
1464;2;4;30
1465;2;5;30
1466;3;1;5323
1467;3;2;5323
1468;3;3;5323
1469;3;4;5323
1470;3;5;5323
1471;3;1;246
1472;3;2;246
1473;3;3;246
1474;3;4;246
1475;3;5;246
1476;3;1;250
1477;3;2;250
1478;3;3;250
1479;3;4;250
1480;3;5;250
1481;3;1;254
1482;3;2;254
1483;3;3;254
1484;3;4;254
1485;3;5;254
1486;3;1;109
1487;3;2;109
1488;3;3;109
1489;3;4;109
1490;3;5;109
1491;3;1;110
1492;3;2;110
1493;3;3;110
1494;3;4;110
1495;3;5;110
1496;3;1;112
1497;3;2;112
1498;3;3;112
1499;3;4;112
1500;3;5;112
1501;3;1;113
1502;3;2;113
1503;3;3;113
1504;3;4;113
1505;3;5;113
1506;3;1;115
1507;3;2;115
1508;3;3;115
1509;3;4;115
1510;3;5;115
1511;3;1;117
1512;3;2;117
1513;3;3;117
1514;3;4;117
1515;3;5;117
1516;3;1;118
1517;3;2;118
1518;3;3;118
1519;3;4;118
1520;3;5;118
1521;3;1;253
1522;3;2;253
1523;3;3;253
1524;3;4;253
1525;3;5;253
1526;3;1;119
1527;3;2;119
1528;3;3;119
1529;3;4;119
1530;3;5;119
1531;3;1;120
1532;3;2;120
1533;3;3;120
1534;3;4;120
1535;3;5;120
1536;3;1;122
1537;3;2;122
1538;3;3;122
1539;3;4;122
1540;3;5;122
1541;3;1;123
1542;3;2;123
1543;3;3;123
1544;3;4;123
1545;3;5;123
1546;3;1;124
1547;3;2;124
1548;3;3;124
1549;3;4;124
1550;3;5;124
1551;3;1;125
1552;3;2;125
1553;3;3;125
1554;3;4;125
1555;3;5;125
1556;3;1;126
1557;3;2;126
1558;3;3;126
1559;3;4;126
1560;3;5;126
1561;3;1;128
1562;3;2;128
1563;3;3;128
1564;3;4;128
1565;3;5;128
1566;3;1;129
1567;3;2;129
1568;3;3;129
1569;3;4;129
1570;3;5;129
1571;3;1;131
1572;3;2;131
1573;3;3;131
1574;3;4;131
1575;3;5;131
1576;3;1;132
1577;3;2;132
1578;3;3;132
1579;3;4;132
1580;3;5;132
1581;3;1;134
1582;3;2;134
1583;3;3;134
1584;3;4;134
1585;3;5;134
1586;3;1;135
1587;3;2;135
1588;3;3;135
1589;3;4;135
1590;3;5;135
1591;3;1;137
1592;3;2;137
1593;3;3;137
1594;3;4;137
1595;3;5;137
1596;3;1;138
1597;3;2;138
1598;3;3;138
1599;3;4;138
1600;3;5;138
1601;3;1;139
1602;3;2;139
1603;3;3;139
1604;3;4;139
1605;3;5;139
1606;3;1;140
1607;3;2;140
1608;3;3;140
1609;3;4;140
1610;3;5;140
1611;3;1;141
1612;3;2;141
1613;3;3;141
1614;3;4;141
1615;3;5;141
1616;3;1;142
1617;3;2;142
1618;3;3;142
1619;3;4;142
1620;3;5;142
1621;3;1;143
1622;3;2;143
1623;3;3;143
1624;3;4;143
1625;3;5;143
1626;3;1;144
1627;3;2;144
1628;3;3;144
1629;3;4;144
1630;3;5;144
1631;3;1;145
1632;3;2;145
1633;3;3;145
1634;3;4;145
1635;3;5;145
1636;3;1;146
1637;3;2;146
1638;3;3;146
1639;3;4;146
1640;3;5;146
1641;3;1;147
1642;3;2;147
1643;3;3;147
1644;3;4;147
1645;3;5;147
1646;3;1;149
1647;3;2;149
1648;3;3;149
1649;3;4;149
1650;3;5;149
1651;3;1;153
1652;3;2;153
1653;3;3;153
1654;3;4;153
1655;3;5;153
1656;3;1;154
1657;3;2;154
1658;3;3;154
1659;3;4;154
1660;3;5;154
1661;3;1;155
1662;3;2;155
1663;3;3;155
1664;3;4;155
1665;3;5;155
1666;3;1;157
1667;3;2;157
1668;3;3;157
1669;3;4;157
1670;3;5;157
1671;3;1;255
1672;3;2;255
1673;3;3;255
1674;3;4;255
1675;3;5;255
1676;3;1;256
1677;3;2;256
1678;3;3;256
1679;3;4;256
1680;3;5;256
1681;3;1;271
1682;3;2;271
1683;3;3;271
1684;3;4;271
1685;3;5;271
1686;3;1;257
1687;3;2;257
1688;3;3;257
1689;3;4;257
1690;3;5;257
1691;3;1;258
1692;3;2;258
1693;3;3;258
1694;3;4;258
1695;3;5;258
1696;3;1;259
1697;3;2;259
1698;3;3;259
1699;3;4;259
1700;3;5;259
1701;3;1;313
1702;3;2;313
1703;3;3;313
1704;3;4;313
1705;3;5;313
1706;3;1;311
1707;3;2;311
1708;3;3;311
1709;3;4;311
1710;3;5;311
1711;3;1;310
1712;3;2;310
1713;3;3;310
1714;3;4;310
1715;3;5;310
1716;3;1;309
1717;3;2;309
1718;3;3;309
1719;3;4;309
1720;3;5;309
1721;3;1;307
1722;3;2;307
1723;3;3;307
1724;3;4;307
1725;3;5;307
1726;3;1;304
1727;3;2;304
1728;3;3;304
1729;3;4;304
1730;3;5;304
1731;3;1;303
1732;3;2;303
1733;3;3;303
1734;3;4;303
1735;3;5;303
1736;3;1;301
1737;3;2;301
1738;3;3;301
1739;3;4;301
1740;3;5;301
1741;3;1;300
1742;3;2;300
1743;3;3;300
1744;3;4;300
1745;3;5;300
1746;3;1;298
1747;3;2;298
1748;3;3;298
1749;3;4;298
1750;3;5;298
1751;3;1;297
1752;3;2;297
1753;3;3;297
1754;3;4;297
1755;3;5;297
1756;3;1;296
1757;3;2;296
1758;3;3;296
1759;3;4;296
1760;3;5;296
1761;3;1;295
1762;3;2;295
1763;3;3;295
1764;3;4;295
1765;3;5;295
1766;3;1;293
1767;3;2;293
1768;3;3;293
1769;3;4;293
1770;3;5;293
1771;3;1;291
1772;3;2;291
1773;3;3;291
1774;3;4;291
1775;3;5;291
1776;3;1;290
1777;3;2;290
1778;3;3;290
1779;3;4;290
1780;3;5;290
1781;3;1;289
1782;3;2;289
1783;3;3;289
1784;3;4;289
1785;3;5;289
1786;3;1;287
1787;3;2;287
1788;3;3;287
1789;3;4;287
1790;3;5;287
1791;3;1;285
1792;3;2;285
1793;3;3;285
1794;3;4;285
1795;3;5;285
1796;3;1;284
1797;3;2;284
1798;3;3;284
1799;3;4;284
1800;3;5;284
1801;3;1;107
1802;3;2;107
1803;3;3;107
1804;3;4;107
1805;3;5;107
1806;3;1;106
1807;3;2;106
1808;3;3;106
1809;3;4;106
1810;3;5;106
1811;3;1;105
1812;3;2;105
1813;3;3;105
1814;3;4;105
1815;3;5;105
1816;3;1;104
1817;3;2;104
1818;3;3;104
1819;3;4;104
1820;3;5;104
1821;3;1;283
1822;3;2;283
1823;3;3;283
1824;3;4;283
1825;3;5;283
1826;3;1;103
1827;3;2;103
1828;3;3;103
1829;3;4;103
1830;3;5;103
1831;3;1;102
1832;3;2;102
1833;3;3;102
1834;3;4;102
1835;3;5;102
1836;3;1;101
1837;3;2;101
1838;3;3;101
1839;3;4;101
1840;3;5;101
1841;3;1;100
1842;3;2;100
1843;3;3;100
1844;3;4;100
1845;3;5;100
1846;3;1;282
1847;3;2;282
1848;3;3;282
1849;3;4;282
1850;3;5;282
1851;3;1;99
1852;3;2;99
1853;3;3;99
1854;3;4;99
1855;3;5;99
1856;3;1;98
1857;3;2;98
1858;3;3;98
1859;3;4;98
1860;3;5;98
1861;3;1;97
1862;3;2;97
1863;3;3;97
1864;3;4;97
1865;3;5;97
1866;3;1;94
1867;3;2;94
1868;3;3;94
1869;3;4;94
1870;3;5;94
1871;3;1;281
1872;3;2;281
1873;3;3;281
1874;3;4;281
1875;3;5;281
1876;3;1;93
1877;3;2;93
1878;3;3;93
1879;3;4;93
1880;3;5;93
1881;3;1;91
1882;3;2;91
1883;3;3;91
1884;3;4;91
1885;3;5;91
1886;3;1;90
1887;3;2;90
1888;3;3;90
1889;3;4;90
1890;3;5;90
1891;3;1;270
1892;3;2;270
1893;3;3;270
1894;3;4;270
1895;3;5;270
1896;3;1;89
1897;3;2;89
1898;3;3;89
1899;3;4;89
1900;3;5;89
1901;3;1;279
1902;3;2;279
1903;3;3;279
1904;3;4;279
1905;3;5;279
1906;3;1;88
1907;3;2;88
1908;3;3;88
1909;3;4;88
1910;3;5;88
1911;3;1;87
1912;3;2;87
1913;3;3;87
1914;3;4;87
1915;3;5;87
1916;3;1;85
1917;3;2;85
1918;3;3;85
1919;3;4;85
1920;3;5;85
1921;3;1;83
1922;3;2;83
1923;3;3;83
1924;3;4;83
1925;3;5;83
1926;3;1;278
1927;3;2;278
1928;3;3;278
1929;3;4;278
1930;3;5;278
1931;3;1;82
1932;3;2;82
1933;3;3;82
1934;3;4;82
1935;3;5;82
1936;3;1;81
1937;3;2;81
1938;3;3;81
1939;3;4;81
1940;3;5;81
1941;3;1;80
1942;3;2;80
1943;3;3;80
1944;3;4;80
1945;3;5;80
1946;3;1;79
1947;3;2;79
1948;3;3;79
1949;3;4;79
1950;3;5;79
1951;3;1;277
1952;3;2;277
1953;3;3;277
1954;3;4;277
1955;3;5;277
1956;3;1;78
1957;3;2;78
1958;3;3;78
1959;3;4;78
1960;3;5;78
1961;3;1;77
1962;3;2;77
1963;3;3;77
1964;3;4;77
1965;3;5;77
1966;3;1;76
1967;3;2;76
1968;3;3;76
1969;3;4;76
1970;3;5;76
1971;3;1;75
1972;3;2;75
1973;3;3;75
1974;3;4;75
1975;3;5;75
1976;3;1;74
1977;3;2;74
1978;3;3;74
1979;3;4;74
1980;3;5;74
1981;3;1;73
1982;3;2;73
1983;3;3;73
1984;3;4;73
1985;3;5;73
1986;3;1;72
1987;3;2;72
1988;3;3;72
1989;3;4;72
1990;3;5;72
1991;3;1;71
1992;3;2;71
1993;3;3;71
1994;3;4;71
1995;3;5;71
1996;3;1;70
1997;3;2;70
1998;3;3;70
1999;3;4;70
2000;3;5;70
2001;3;1;276
2002;3;2;276
2003;3;3;276
2004;3;4;276
2005;3;5;276
2006;3;1;69
2007;3;2;69
2008;3;3;69
2009;3;4;69
2010;3;5;69
2011;3;1;68
2012;3;2;68
2013;3;3;68
2014;3;4;68
2015;3;5;68
2016;3;1;67
2017;3;2;67
2018;3;3;67
2019;3;4;67
2020;3;5;67
2021;3;1;66
2022;3;2;66
2023;3;3;66
2024;3;4;66
2025;3;5;66
2026;3;1;65
2027;3;2;65
2028;3;3;65
2029;3;4;65
2030;3;5;65
2031;3;1;64
2032;3;2;64
2033;3;3;64
2034;3;4;64
2035;3;5;64
2036;3;1;62
2037;3;2;62
2038;3;3;62
2039;3;4;62
2040;3;5;62
2041;3;1;59
2042;3;2;59
2043;3;3;59
2044;3;4;59
2045;3;5;59
2046;3;1;58
2047;3;2;58
2048;3;3;58
2049;3;4;58
2050;3;5;58
2051;3;1;56
2052;3;2;56
2053;3;3;56
2054;3;4;56
2055;3;5;56
2056;3;1;54
2057;3;2;54
2058;3;3;54
2059;3;4;54
2060;3;5;54
2061;3;1;53
2062;3;2;53
2063;3;3;53
2064;3;4;53
2065;3;5;53
2066;3;1;52
2067;3;2;52
2068;3;3;52
2069;3;4;52
2070;3;5;52
2071;3;1;51
2072;3;2;51
2073;3;3;51
2074;3;4;51
2075;3;5;51
2076;3;1;49
2077;3;2;49
2078;3;3;49
2079;3;4;49
2080;3;5;49
2081;3;1;48
2082;3;2;48
2083;3;3;48
2084;3;4;48
2085;3;5;48
2086;3;1;47
2087;3;2;47
2088;3;3;47
2089;3;4;47
2090;3;5;47
2091;3;1;46
2092;3;2;46
2093;3;3;46
2094;3;4;46
2095;3;5;46
2096;3;1;44
2097;3;2;44
2098;3;3;44
2099;3;4;44
2100;3;5;44
2101;3;1;42
2102;3;2;42
2103;3;3;42
2104;3;4;42
2105;3;5;42
2106;3;1;41
2107;3;2;41
2108;3;3;41
2109;3;4;41
2110;3;5;41
2111;3;1;39
2112;3;2;39
2113;3;3;39
2114;3;4;39
2115;3;5;39
2116;3;1;37
2117;3;2;37
2118;3;3;37
2119;3;4;37
2120;3;5;37
2121;3;1;35
2122;3;2;35
2123;3;3;35
2124;3;4;35
2125;3;5;35
2126;3;1;33
2127;3;2;33
2128;3;3;33
2129;3;4;33
2130;3;5;33
2131;3;1;32
2132;3;2;32
2133;3;3;32
2134;3;4;32
2135;3;5;32
2136;3;1;31
2137;3;2;31
2138;3;3;31
2139;3;4;31
2140;3;5;31
2141;3;1;30
2142;3;2;30
2143;3;3;30
2144;3;4;30
2145;3;5;30
2146;3;1;275
2147;3;2;275
2148;3;3;275
2149;3;4;275
2150;3;5;275
2151;3;1;29
2152;3;2;29
2153;3;3;29
2154;3;4;29
2155;3;5;29
2156;3;1;27
2157;3;2;27
2158;3;3;27
2159;3;4;27
2160;3;5;27
2161;3;1;25
2162;3;2;25
2163;3;3;25
2164;3;4;25
2165;3;5;25
2166;3;1;24
2167;3;2;24
2168;3;3;24
2169;3;4;24
2170;3;5;24
2171;3;1;23
2172;3;2;23
2173;3;3;23
2174;3;4;23
2175;3;5;23
2176;3;1;22
2177;3;2;22
2178;3;3;22
2179;3;4;22
2180;3;5;22
2181;3;1;21
2182;3;2;21
2183;3;3;21
2184;3;4;21
2185;3;5;21
2186;3;1;20
2187;3;2;20
2188;3;3;20
2189;3;4;20
2190;3;5;20
2191;3;1;18
2192;3;2;18
2193;3;3;18
2194;3;4;18
2195;3;5;18
2196;3;1;17
2197;3;2;17
2198;3;3;17
2199;3;4;17
2200;3;5;17
2201;3;1;16
2202;3;2;16
2203;3;3;16
2204;3;4;16
2205;3;5;16
2206;3;1;15
2207;3;2;15
2208;3;3;15
2209;3;4;15
2210;3;5;15
2211;3;1;14
2212;3;2;14
2213;3;3;14
2214;3;4;14
2215;3;5;14
2216;3;1;13
2217;3;2;13
2218;3;3;13
2219;3;4;13
2220;3;5;13
2221;3;1;12
2222;3;2;12
2223;3;3;12
2224;3;4;12
2225;3;5;12
2226;3;1;11
2227;3;2;11
2228;3;3;11
2229;3;4;11
2230;3;5;11
2231;3;1;10
2232;3;2;10
2233;3;3;10
2234;3;4;10
2235;3;5;10
2236;3;1;9
2237;3;2;9
2238;3;3;9
2239;3;4;9
2240;3;5;9
2241;3;1;8
2242;3;2;8
2243;3;3;8
2244;3;4;8
2245;3;5;8
2246;3;1;274
2247;3;2;274
2248;3;3;274
2249;3;4;274
2250;3;5;274
2251;3;1;7
2252;3;2;7
2253;3;3;7
2254;3;4;7
2255;3;5;7
2256;3;1;4
2257;3;2;4
2258;3;3;4
2259;3;4;4
2260;3;5;4
2261;3;1;1
2262;3;2;1
2263;3;3;1
2264;3;4;1
2265;3;5;1
2266;3;1;273
2267;3;2;273
2268;3;3;273
2269;3;4;273
2270;3;5;273
2271;3;1;108
2272;3;2;108
2273;3;3;108
2274;3;4;108
2275;3;5;108
2276;3;1;165
2277;3;2;165
2278;3;3;165
2279;3;4;165
2280;3;5;165
2281;3;1;166
2282;3;2;166
2283;3;3;166
2284;3;4;166
2285;3;5;166
2286;3;1;167
2287;3;2;167
2288;3;3;167
2289;3;4;167
2290;3;5;167
2291;3;1;6
2292;3;2;6
2293;3;3;6
2294;3;4;6
2295;3;5;6
2296;3;1;169
2297;3;2;169
2298;3;3;169
2299;3;4;169
2300;3;5;169
2301;3;1;170
2302;3;2;170
2303;3;3;170
2304;3;4;170
2305;3;5;170
2306;3;1;172
2307;3;2;172
2308;3;3;172
2309;3;4;172
2310;3;5;172
2311;3;1;173
2312;3;2;173
2313;3;3;173
2314;3;4;173
2315;3;5;173
2316;3;1;163
2317;3;2;163
2318;3;3;163
2319;3;4;163
2320;3;5;163
2321;3;1;174
2322;3;2;174
2323;3;3;174
2324;3;4;174
2325;3;5;174
2326;3;1;178
2327;3;2;178
2328;3;3;178
2329;3;4;178
2330;3;5;178
2331;3;1;179
2332;3;2;179
2333;3;3;179
2334;3;4;179
2335;3;5;179
2336;3;1;181
2337;3;2;181
2338;3;3;181
2339;3;4;181
2340;3;5;181
2341;3;1;272
2342;3;2;272
2343;3;3;272
2344;3;4;272
2345;3;5;272
2346;3;1;182
2347;3;2;182
2348;3;3;182
2349;3;4;182
2350;3;5;182
2351;3;1;184
2352;3;2;184
2353;3;3;184
2354;3;4;184
2355;3;5;184
2356;3;1;188
2357;3;2;188
2358;3;3;188
2359;3;4;188
2360;3;5;188
2361;3;1;189
2362;3;2;189
2363;3;3;189
2364;3;4;189
2365;3;5;189
2366;3;1;318
2367;3;2;318
2368;3;3;318
2369;3;4;318
2370;3;5;318
2371;3;1;190
2372;3;2;190
2373;3;3;190
2374;3;4;190
2375;3;5;190
2376;3;1;191
2377;3;2;191
2378;3;3;191
2379;3;4;191
2380;3;5;191
2381;3;1;192
2382;3;2;192
2383;3;3;192
2384;3;4;192
2385;3;5;192
2386;3;1;193
2387;3;2;193
2388;3;3;193
2389;3;4;193
2390;3;5;193
2391;3;1;315
2392;3;2;315
2393;3;3;315
2394;3;4;315
2395;3;5;315
2396;3;1;194
2397;3;2;194
2398;3;3;194
2399;3;4;194
2400;3;5;194
2401;3;1;195
2402;3;2;195
2403;3;3;195
2404;3;4;195
2405;3;5;195
2406;3;1;196
2407;3;2;196
2408;3;3;196
2409;3;4;196
2410;3;5;196
2411;3;1;197
2412;3;2;197
2413;3;3;197
2414;3;4;197
2415;3;5;197
2416;3;1;159
2417;3;2;159
2418;3;3;159
2419;3;4;159
2420;3;5;159
2421;3;1;198
2422;3;2;198
2423;3;3;198
2424;3;4;198
2425;3;5;198
2426;3;1;200
2427;3;2;200
2428;3;3;200
2429;3;4;200
2430;3;5;200
2431;3;1;201
2432;3;2;201
2433;3;3;201
2434;3;4;201
2435;3;5;201
2436;3;1;160
2437;3;2;160
2438;3;3;160
2439;3;4;160
2440;3;5;160
2441;3;1;202
2442;3;2;202
2443;3;3;202
2444;3;4;202
2445;3;5;202
2446;3;1;203
2447;3;2;203
2448;3;3;203
2449;3;4;203
2450;3;5;203
2451;3;1;204
2452;3;2;204
2453;3;3;204
2454;3;4;204
2455;3;5;204
2456;3;1;205
2457;3;2;205
2458;3;3;205
2459;3;4;205
2460;3;5;205
2461;3;1;162
2462;3;2;162
2463;3;3;162
2464;3;4;162
2465;3;5;162
2466;3;1;206
2467;3;2;206
2468;3;3;206
2469;3;4;206
2470;3;5;206
2471;3;1;207
2472;3;2;207
2473;3;3;207
2474;3;4;207
2475;3;5;207
2476;3;1;209
2477;3;2;209
2478;3;3;209
2479;3;4;209
2480;3;5;209
2481;3;1;210
2482;3;2;210
2483;3;3;210
2484;3;4;210
2485;3;5;210
2486;3;1;164
2487;3;2;164
2488;3;3;164
2489;3;4;164
2490;3;5;164
2491;3;1;211
2492;3;2;211
2493;3;3;211
2494;3;4;211
2495;3;5;211
2496;3;1;212
2497;3;2;212
2498;3;3;212
2499;3;4;212
2500;3;5;212
2501;3;1;213
2502;3;2;213
2503;3;3;213
2504;3;4;213
2505;3;5;213
2506;3;1;214
2507;3;2;214
2508;3;3;214
2509;3;4;214
2510;3;5;214
2511;3;1;261
2512;3;2;261
2513;3;3;261
2514;3;4;261
2515;3;5;261
2516;3;1;215
2517;3;2;215
2518;3;3;215
2519;3;4;215
2520;3;5;215
2521;3;1;216
2522;3;2;216
2523;3;3;216
2524;3;4;216
2525;3;5;216
2526;3;1;217
2527;3;2;217
2528;3;3;217
2529;3;4;217
2530;3;5;217
2531;3;1;218
2532;3;2;218
2533;3;3;218
2534;3;4;218
2535;3;5;218
2536;3;1;262
2537;3;2;262
2538;3;3;262
2539;3;4;262
2540;3;5;262
2541;3;1;219
2542;3;2;219
2543;3;3;219
2544;3;4;219
2545;3;5;219
2546;3;1;220
2547;3;2;220
2548;3;3;220
2549;3;4;220
2550;3;5;220
2551;3;1;221
2552;3;2;221
2553;3;3;221
2554;3;4;221
2555;3;5;221
2556;3;1;222
2557;3;2;222
2558;3;3;222
2559;3;4;222
2560;3;5;222
2561;3;1;264
2562;3;2;264
2563;3;3;264
2564;3;4;264
2565;3;5;264
2566;3;1;224
2567;3;2;224
2568;3;3;224
2569;3;4;224
2570;3;5;224
2571;3;1;225
2572;3;2;225
2573;3;3;225
2574;3;4;225
2575;3;5;225
2576;3;1;226
2577;3;2;226
2578;3;3;226
2579;3;4;226
2580;3;5;226
2581;3;1;227
2582;3;2;227
2583;3;3;227
2584;3;4;227
2585;3;5;227
2586;3;1;265
2587;3;2;265
2588;3;3;265
2589;3;4;265
2590;3;5;265
2591;3;1;229
2592;3;2;229
2593;3;3;229
2594;3;4;229
2595;3;5;229
2596;3;1;231
2597;3;2;231
2598;3;3;231
2599;3;4;231
2600;3;5;231
2601;3;1;232
2602;3;2;232
2603;3;3;232
2604;3;4;232
2605;3;5;232
2606;3;1;234
2607;3;2;234
2608;3;3;234
2609;3;4;234
2610;3;5;234
2611;3;1;266
2612;3;2;266
2613;3;3;266
2614;3;4;266
2615;3;5;266
2616;3;1;235
2617;3;2;235
2618;3;3;235
2619;3;4;235
2620;3;5;235
2621;3;1;236
2622;3;2;236
2623;3;3;236
2624;3;4;236
2625;3;5;236
2626;3;1;237
2627;3;2;237
2628;3;3;237
2629;3;4;237
2630;3;5;237
2631;3;1;239
2632;3;2;239
2633;3;3;239
2634;3;4;239
2635;3;5;239
2636;3;1;268
2637;3;2;268
2638;3;3;268
2639;3;4;268
2640;3;5;268
2641;3;1;240
2642;3;2;240
2643;3;3;240
2644;3;4;240
2645;3;5;240
2646;3;1;241
2647;3;2;241
2648;3;3;241
2649;3;4;241
2650;3;5;241
2651;3;1;243
2652;3;2;243
2653;3;3;243
2654;3;4;243
2655;3;5;243
2656;3;1;269
2657;3;2;269
2658;3;3;269
2659;3;4;269
2660;3;5;269
2661;3;1;244
2662;3;2;244
2663;3;3;244
2664;3;4;244
2665;3;5;244
2666;3;1;245
2667;3;2;245
2668;3;3;245
2669;3;4;245
2670;3;5;245
2671;3;1;34
2672;3;2;34
2673;3;3;34
2674;3;4;34
2675;3;5;34
2676;4;1;5323
2677;4;2;5323
2678;4;3;5323
2679;4;4;5323
2680;4;5;5323
2681;4;1;42
2682;4;2;42
2683;4;3;42
2684;4;4;42
2685;4;5;42
2686;4;1;165
2687;4;2;165
2688;4;3;165
2689;4;4;165
2690;4;5;165
2691;4;1;244
2692;4;2;244
2693;4;3;244
2694;4;4;244
2695;4;5;244
2696;4;1;164
2697;4;2;164
2698;4;3;164
2699;4;4;164
2700;4;5;164
2701;4;1;264
2702;4;2;264
2703;4;3;264
2704;4;4;264
2705;4;5;264
2706;4;1;189
2707;4;2;189
2708;4;3;189
2709;4;4;189
2710;4;5;189
2711;4;1;163
2712;4;2;163
2713;4;3;163
2714;4;4;163
2715;4;5;163
2716;4;1;265
2717;4;2;265
2718;4;3;265
2719;4;4;265
2720;4;5;265
2721;4;1;241
2722;4;2;241
2723;4;3;241
2724;4;4;241
2725;4;5;241
2726;4;1;162
2727;4;2;162
2728;4;3;162
2729;4;4;162
2730;4;5;162
2731;4;1;266
2732;4;2;266
2733;4;3;266
2734;4;4;266
2735;4;5;266
2736;4;1;281
2737;4;2;281
2738;4;3;281
2739;4;4;281
2740;4;5;281
2741;4;1;179
2742;4;2;179
2743;4;3;179
2744;4;4;179
2745;4;5;179
2746;4;1;141
2747;4;2;141
2748;4;3;141
2749;4;4;141
2750;4;5;141
2751;4;1;282
2752;4;2;282
2753;4;3;282
2754;4;4;282
2755;4;5;282
2756;4;1;140
2757;4;2;140
2758;4;3;140
2759;4;4;140
2760;4;5;140
2761;4;1;283
2762;4;2;283
2763;4;3;283
2764;4;4;283
2765;4;5;283
2766;4;1;193
2767;4;2;193
2768;4;3;193
2769;4;4;193
2770;4;5;193
2771;4;1;139
2772;4;2;139
2773;4;3;139
2774;4;4;139
2775;4;5;139
2776;4;1;284
2777;4;2;284
2778;4;3;284
2779;4;4;284
2780;4;5;284
2781;4;1;138
2782;4;2;138
2783;4;3;138
2784;4;4;138
2785;4;5;138
2786;4;1;285
2787;4;2;285
2788;4;3;285
2789;4;4;285
2790;4;5;285
2791;4;1;250
2792;4;2;250
2793;4;3;250
2794;4;4;250
2795;4;5;250
2796;4;1;137
2797;4;2;137
2798;4;3;137
2799;4;4;137
2800;4;5;137
2801;4;1;287
2802;4;2;287
2803;4;3;287
2804;4;4;287
2805;4;5;287
2806;4;1;236
2807;4;2;236
2808;4;3;236
2809;4;4;236
2810;4;5;236
2811;4;1;135
2812;4;2;135
2813;4;3;135
2814;4;4;135
2815;4;5;135
2816;4;1;289
2817;4;2;289
2818;4;3;289
2819;4;4;289
2820;4;5;289
2821;4;1;194
2822;4;2;194
2823;4;3;194
2824;4;4;194
2825;4;5;194
2826;4;1;134
2827;4;2;134
2828;4;3;134
2829;4;4;134
2830;4;5;134
2831;4;1;290
2832;4;2;290
2833;4;3;290
2834;4;4;290
2835;4;5;290
2836;4;1;132
2837;4;2;132
2838;4;3;132
2839;4;4;132
2840;4;5;132
2841;4;1;291
2842;4;2;291
2843;4;3;291
2844;4;4;291
2845;4;5;291
2846;4;1;131
2847;4;2;131
2848;4;3;131
2849;4;4;131
2850;4;5;131
2851;4;1;293
2852;4;2;293
2853;4;3;293
2854;4;4;293
2855;4;5;293
2856;4;1;235
2857;4;2;235
2858;4;3;235
2859;4;4;235
2860;4;5;235
2861;4;1;129
2862;4;2;129
2863;4;3;129
2864;4;4;129
2865;4;5;129
2866;4;1;295
2867;4;2;295
2868;4;3;295
2869;4;4;295
2870;4;5;295
2871;4;1;195
2872;4;2;195
2873;4;3;195
2874;4;4;195
2875;4;5;195
2876;4;1;128
2877;4;2;128
2878;4;3;128
2879;4;4;128
2880;4;5;128
2881;4;1;296
2882;4;2;296
2883;4;3;296
2884;4;4;296
2885;4;5;296
2886;4;1;126
2887;4;2;126
2888;4;3;126
2889;4;4;126
2890;4;5;126
2891;4;1;297
2892;4;2;297
2893;4;3;297
2894;4;4;297
2895;4;5;297
2896;4;1;178
2897;4;2;178
2898;4;3;178
2899;4;4;178
2900;4;5;178
2901;4;1;125
2902;4;2;125
2903;4;3;125
2904;4;4;125
2905;4;5;125
2906;4;1;298
2907;4;2;298
2908;4;3;298
2909;4;4;298
2910;4;5;298
2911;4;1;124
2912;4;2;124
2913;4;3;124
2914;4;4;124
2915;4;5;124
2916;4;1;300
2917;4;2;300
2918;4;3;300
2919;4;4;300
2920;4;5;300
2921;4;1;234
2922;4;2;234
2923;4;3;234
2924;4;4;234
2925;4;5;234
2926;4;1;123
2927;4;2;123
2928;4;3;123
2929;4;4;123
2930;4;5;123
2931;4;1;301
2932;4;2;301
2933;4;3;301
2934;4;4;301
2935;4;5;301
2936;4;1;122
2937;4;2;122
2938;4;3;122
2939;4;4;122
2940;4;5;122
2941;4;1;303
2942;4;2;303
2943;4;3;303
2944;4;4;303
2945;4;5;303
2946;4;1;253
2947;4;2;253
2948;4;3;253
2949;4;4;253
2950;4;5;253
2951;4;1;120
2952;4;2;120
2953;4;3;120
2954;4;4;120
2955;4;5;120
2956;4;1;304
2957;4;2;304
2958;4;3;304
2959;4;4;304
2960;4;5;304
2961;4;1;196
2962;4;2;196
2963;4;3;196
2964;4;4;196
2965;4;5;196
2966;4;1;119
2967;4;2;119
2968;4;3;119
2969;4;4;119
2970;4;5;119
2971;4;1;307
2972;4;2;307
2973;4;3;307
2974;4;4;307
2975;4;5;307
2976;4;1;232
2977;4;2;232
2978;4;3;232
2979;4;4;232
2980;4;5;232
2981;4;1;118
2982;4;2;118
2983;4;3;118
2984;4;4;118
2985;4;5;118
2986;4;1;309
2987;4;2;309
2988;4;3;309
2989;4;4;309
2990;4;5;309
2991;4;1;117
2992;4;2;117
2993;4;3;117
2994;4;4;117
2995;4;5;117
2996;4;1;182
2997;4;2;182
2998;4;3;182
2999;4;4;182
3000;4;5;182
3001;4;1;115
3002;4;2;115
3003;4;3;115
3004;4;4;115
3005;4;5;115
3006;4;1;311
3007;4;2;311
3008;4;3;311
3009;4;4;311
3010;4;5;311
3011;4;1;197
3012;4;2;197
3013;4;3;197
3014;4;4;197
3015;4;5;197
3016;4;1;113
3017;4;2;113
3018;4;3;113
3019;4;4;113
3020;4;5;113
3021;4;1;313
3022;4;2;313
3023;4;3;313
3024;4;4;313
3025;4;5;313
3026;4;1;231
3027;4;2;231
3028;4;3;231
3029;4;4;231
3030;4;5;231
3031;4;1;112
3032;4;2;112
3033;4;3;112
3034;4;4;112
3035;4;5;112
3036;4;1;315
3037;4;2;315
3038;4;3;315
3039;4;4;315
3040;4;5;315
3041;4;1;110
3042;4;2;110
3043;4;3;110
3044;4;4;110
3045;4;5;110
3046;4;1;318
3047;4;2;318
3048;4;3;318
3049;4;4;318
3050;4;5;318
3051;4;1;198
3052;4;2;198
3053;4;3;198
3054;4;4;198
3055;4;5;198
3056;4;1;229
3057;4;2;229
3058;4;3;229
3059;4;4;229
3060;4;5;229
3061;4;1;227
3062;4;2;227
3063;4;3;227
3064;4;4;227
3065;4;5;227
3066;4;1;200
3067;4;2;200
3068;4;3;200
3069;4;4;200
3070;4;5;200
3071;4;1;226
3072;4;2;226
3073;4;3;226
3074;4;4;226
3075;4;5;226
3076;4;1;201
3077;4;2;201
3078;4;3;201
3079;4;4;201
3080;4;5;201
3081;4;1;225
3082;4;2;225
3083;4;3;225
3084;4;4;225
3085;4;5;225
3086;4;1;202
3087;4;2;202
3088;4;3;202
3089;4;4;202
3090;4;5;202
3091;4;1;224
3092;4;2;224
3093;4;3;224
3094;4;4;224
3095;4;5;224
3096;4;1;203
3097;4;2;203
3098;4;3;203
3099;4;4;203
3100;4;5;203
3101;4;1;222
3102;4;2;222
3103;4;3;222
3104;4;4;222
3105;4;5;222
3106;4;1;204
3107;4;2;204
3108;4;3;204
3109;4;4;204
3110;4;5;204
3111;4;1;221
3112;4;2;221
3113;4;3;221
3114;4;4;221
3115;4;5;221
3116;4;1;205
3117;4;2;205
3118;4;3;205
3119;4;4;205
3120;4;5;205
3121;4;1;220
3122;4;2;220
3123;4;3;220
3124;4;4;220
3125;4;5;220
3126;4;1;206
3127;4;2;206
3128;4;3;206
3129;4;4;206
3130;4;5;206
3131;4;1;219
3132;4;2;219
3133;4;3;219
3134;4;4;219
3135;4;5;219
3136;4;1;207
3137;4;2;207
3138;4;3;207
3139;4;4;207
3140;4;5;207
3141;4;1;218
3142;4;2;218
3143;4;3;218
3144;4;4;218
3145;4;5;218
3146;4;1;209
3147;4;2;209
3148;4;3;209
3149;4;4;209
3150;4;5;209
3151;4;1;217
3152;4;2;217
3153;4;3;217
3154;4;4;217
3155;4;5;217
3156;4;1;210
3157;4;2;210
3158;4;3;210
3159;4;4;210
3160;4;5;210
3161;4;1;216
3162;4;2;216
3163;4;3;216
3164;4;4;216
3165;4;5;216
3166;4;1;211
3167;4;2;211
3168;4;3;211
3169;4;4;211
3170;4;5;211
3171;4;1;215
3172;4;2;215
3173;4;3;215
3174;4;4;215
3175;4;5;215
3176;4;1;212
3177;4;2;212
3178;4;3;212
3179;4;4;212
3180;4;5;212
3181;4;1;214
3182;4;2;214
3183;4;3;214
3184;4;4;214
3185;4;5;214
3186;4;1;213
3187;4;2;213
3188;4;3;213
3189;4;4;213
3190;4;5;213
3191;4;1;1
3192;4;2;1
3193;4;3;1
3194;4;4;1
3195;4;5;1
3196;4;1;4
3197;4;2;4
3198;4;3;4
3199;4;4;4
3200;4;5;4
3201;4;1;6
3202;4;2;6
3203;4;3;6
3204;4;4;6
3205;4;5;6
3206;4;1;7
3207;4;2;7
3208;4;3;7
3209;4;4;7
3210;4;5;7
3211;4;1;8
3212;4;2;8
3213;4;3;8
3214;4;4;8
3215;4;5;8
3216;4;1;9
3217;4;2;9
3218;4;3;9
3219;4;4;9
3220;4;5;9
3221;4;1;10
3222;4;2;10
3223;4;3;10
3224;4;4;10
3225;4;5;10
3226;4;1;11
3227;4;2;11
3228;4;3;11
3229;4;4;11
3230;4;5;11
3231;4;1;12
3232;4;2;12
3233;4;3;12
3234;4;4;12
3235;4;5;12
3236;4;1;13
3237;4;2;13
3238;4;3;13
3239;4;4;13
3240;4;5;13
3241;4;1;14
3242;4;2;14
3243;4;3;14
3244;4;4;14
3245;4;5;14
3246;4;1;15
3247;4;2;15
3248;4;3;15
3249;4;4;15
3250;4;5;15
3251;4;1;16
3252;4;2;16
3253;4;3;16
3254;4;4;16
3255;4;5;16
3256;4;1;17
3257;4;2;17
3258;4;3;17
3259;4;4;17
3260;4;5;17
3261;4;1;18
3262;4;2;18
3263;4;3;18
3264;4;4;18
3265;4;5;18
3266;4;1;20
3267;4;2;20
3268;4;3;20
3269;4;4;20
3270;4;5;20
3271;4;1;21
3272;4;2;21
3273;4;3;21
3274;4;4;21
3275;4;5;21
3276;4;1;22
3277;4;2;22
3278;4;3;22
3279;4;4;22
3280;4;5;22
3281;4;1;23
3282;4;2;23
3283;4;3;23
3284;4;4;23
3285;4;5;23
3286;4;1;24
3287;4;2;24
3288;4;3;24
3289;4;4;24
3290;4;5;24
3291;4;1;25
3292;4;2;25
3293;4;3;25
3294;4;4;25
3295;4;5;25
3296;4;1;27
3297;4;2;27
3298;4;3;27
3299;4;4;27
3300;4;5;27
3301;4;1;29
3302;4;2;29
3303;4;3;29
3304;4;4;29
3305;4;5;29
3306;4;1;30
3307;4;2;30
3308;4;3;30
3309;4;4;30
3310;4;5;30
3311;4;1;94
3312;4;2;94
3313;4;3;94
3314;4;4;94
3315;4;5;94
3316;4;1;98
3317;4;2;98
3318;4;3;98
3319;4;4;98
3320;4;5;98
3321;4;1;99
3322;4;2;99
3323;4;3;99
3324;4;4;99
3325;4;5;99
3326;4;1;100
3327;4;2;100
3328;4;3;100
3329;4;4;100
3330;4;5;100
3331;4;1;101
3332;4;2;101
3333;4;3;101
3334;4;4;101
3335;4;5;101
3336;4;1;102
3337;4;2;102
3338;4;3;102
3339;4;4;102
3340;4;5;102
3341;4;1;103
3342;4;2;103
3343;4;3;103
3344;4;4;103
3345;4;5;103
3346;4;1;104
3347;4;2;104
3348;4;3;104
3349;4;4;104
3350;4;5;104
3351;4;1;105
3352;4;2;105
3353;4;3;105
3354;4;4;105
3355;4;5;105
3356;4;1;106
3357;4;2;106
3358;4;3;106
3359;4;4;106
3360;4;5;106
3361;4;1;107
3362;4;2;107
3363;4;3;107
3364;4;4;107
3365;4;5;107
3366;4;1;108
3367;4;2;108
3368;4;3;108
3369;4;4;108
3370;4;5;108
3371;4;1;109
3372;4;2;109
3373;4;3;109
3374;4;4;109
3375;4;5;109
3376;4;1;174
3377;4;2;174
3378;4;3;174
3379;4;4;174
3380;4;5;174
3381;4;1;254
3382;4;2;254
3383;4;3;254
3384;4;4;254
3385;4;5;254
3386;4;1;31
3387;4;2;31
3388;4;3;31
3389;4;4;31
3390;4;5;31
3391;4;1;32
3392;4;2;32
3393;4;3;32
3394;4;4;32
3395;4;5;32
3396;4;1;33
3397;4;2;33
3398;4;3;33
3399;4;4;33
3400;4;5;33
3401;4;1;34
3402;4;2;34
3403;4;3;34
3404;4;4;34
3405;4;5;34
3406;4;1;35
3407;4;2;35
3408;4;3;35
3409;4;4;35
3410;4;5;35
3411;4;1;37
3412;4;2;37
3413;4;3;37
3414;4;4;37
3415;4;5;37
3416;4;1;39
3417;4;2;39
3418;4;3;39
3419;4;4;39
3420;4;5;39
3421;4;1;41
3422;4;2;41
3423;4;3;41
3424;4;4;41
3425;4;5;41
3426;4;1;44
3427;4;2;44
3428;4;3;44
3429;4;4;44
3430;4;5;44
3431;4;1;46
3432;4;2;46
3433;4;3;46
3434;4;4;46
3435;4;5;46
3436;4;1;47
3437;4;2;47
3438;4;3;47
3439;4;4;47
3440;4;5;47
3441;4;1;48
3442;4;2;48
3443;4;3;48
3444;4;4;48
3445;4;5;48
3446;4;1;49
3447;4;2;49
3448;4;3;49
3449;4;4;49
3450;4;5;49
3451;4;1;51
3452;4;2;51
3453;4;3;51
3454;4;4;51
3455;4;5;51
3456;4;1;52
3457;4;2;52
3458;4;3;52
3459;4;4;52
3460;4;5;52
3461;4;1;53
3462;4;2;53
3463;4;3;53
3464;4;4;53
3465;4;5;53
3466;4;1;54
3467;4;2;54
3468;4;3;54
3469;4;4;54
3470;4;5;54
3471;4;1;56
3472;4;2;56
3473;4;3;56
3474;4;4;56
3475;4;5;56
3476;4;1;58
3477;4;2;58
3478;4;3;58
3479;4;4;58
3480;4;5;58
3481;4;1;59
3482;4;2;59
3483;4;3;59
3484;4;4;59
3485;4;5;59
3486;4;1;62
3487;4;2;62
3488;4;3;62
3489;4;4;62
3490;4;5;62
3491;4;1;64
3492;4;2;64
3493;4;3;64
3494;4;4;64
3495;4;5;64
3496;4;1;65
3497;4;2;65
3498;4;3;65
3499;4;4;65
3500;4;5;65
3501;4;1;66
3502;4;2;66
3503;4;3;66
3504;4;4;66
3505;4;5;66
3506;4;1;67
3507;4;2;67
3508;4;3;67
3509;4;4;67
3510;4;5;67
3511;4;1;68
3512;4;2;68
3513;4;3;68
3514;4;4;68
3515;4;5;68
3516;4;1;69
3517;4;2;69
3518;4;3;69
3519;4;4;69
3520;4;5;69
3521;4;1;70
3522;4;2;70
3523;4;3;70
3524;4;4;70
3525;4;5;70
3526;4;1;71
3527;4;2;71
3528;4;3;71
3529;4;4;71
3530;4;5;71
3531;4;1;72
3532;4;2;72
3533;4;3;72
3534;4;4;72
3535;4;5;72
3536;4;1;73
3537;4;2;73
3538;4;3;73
3539;4;4;73
3540;4;5;73
3541;4;1;74
3542;4;2;74
3543;4;3;74
3544;4;4;74
3545;4;5;74
3546;4;1;75
3547;4;2;75
3548;4;3;75
3549;4;4;75
3550;4;5;75
3551;4;1;76
3552;4;2;76
3553;4;3;76
3554;4;4;76
3555;4;5;76
3556;4;1;77
3557;4;2;77
3558;4;3;77
3559;4;4;77
3560;4;5;77
3561;4;1;78
3562;4;2;78
3563;4;3;78
3564;4;4;78
3565;4;5;78
3566;4;1;79
3567;4;2;79
3568;4;3;79
3569;4;4;79
3570;4;5;79
3571;4;1;80
3572;4;2;80
3573;4;3;80
3574;4;4;80
3575;4;5;80
3576;4;1;81
3577;4;2;81
3578;4;3;81
3579;4;4;81
3580;4;5;81
3581;4;1;82
3582;4;2;82
3583;4;3;82
3584;4;4;82
3585;4;5;82
3586;4;1;83
3587;4;2;83
3588;4;3;83
3589;4;4;83
3590;4;5;83
3591;4;1;85
3592;4;2;85
3593;4;3;85
3594;4;4;85
3595;4;5;85
3596;4;1;87
3597;4;2;87
3598;4;3;87
3599;4;4;87
3600;4;5;87
3601;4;1;88
3602;4;2;88
3603;4;3;88
3604;4;4;88
3605;4;5;88
3606;4;1;89
3607;4;2;89
3608;4;3;89
3609;4;4;89
3610;4;5;89
3611;4;1;90
3612;4;2;90
3613;4;3;90
3614;4;4;90
3615;4;5;90
3616;4;1;91
3617;4;2;91
3618;4;3;91
3619;4;4;91
3620;4;5;91
3621;4;1;93
3622;4;2;93
3623;4;3;93
3624;4;4;93
3625;4;5;93
3626;4;1;97
3627;4;2;97
3628;4;3;97
3629;4;4;97
3630;4;5;97
3631;4;1;173
3632;4;2;173
3633;4;3;173
3634;4;4;173
3635;4;5;173
3636;4;1;255
3637;4;2;255
3638;4;3;255
3639;4;4;255
3640;4;5;255
3641;4;1;243
3642;4;2;243
3643;4;3;243
3644;4;4;243
3645;4;5;243
3646;4;1;172
3647;4;2;172
3648;4;3;172
3649;4;4;172
3650;4;5;172
3651;4;1;256
3652;4;2;256
3653;4;3;256
3654;4;4;256
3655;4;5;256
3656;4;1;170
3657;4;2;170
3658;4;3;170
3659;4;4;170
3660;4;5;170
3661;4;1;257
3662;4;2;257
3663;4;3;257
3664;4;4;257
3665;4;5;257
3666;4;1;245
3667;4;2;245
3668;4;3;245
3669;4;4;245
3670;4;5;245
3671;4;1;169
3672;4;2;169
3673;4;3;169
3674;4;4;169
3675;4;5;169
3676;4;1;258
3677;4;2;258
3678;4;3;258
3679;4;4;258
3680;4;5;258
3681;4;1;188
3682;4;2;188
3683;4;3;188
3684;4;4;188
3685;4;5;188
3686;4;1;167
3687;4;2;167
3688;4;3;167
3689;4;4;167
3690;4;5;167
3691;4;1;259
3692;4;2;259
3693;4;3;259
3694;4;4;259
3695;4;5;259
3696;4;1;166
3697;4;2;166
3698;4;3;166
3699;4;4;166
3700;4;5;166
3701;4;1;261
3702;4;2;261
3703;4;3;261
3704;4;4;261
3705;4;5;261
3706;4;1;262
3707;4;2;262
3708;4;3;262
3709;4;4;262
3710;4;5;262
3711;4;1;160
3712;4;2;160
3713;4;3;160
3714;4;4;160
3715;4;5;160
3716;4;1;237
3717;4;2;237
3718;4;3;237
3719;4;4;237
3720;4;5;237
3721;4;1;268
3722;4;2;268
3723;4;3;268
3724;4;4;268
3725;4;5;268
3726;4;1;181
3727;4;2;181
3728;4;3;181
3729;4;4;181
3730;4;5;181
3731;4;1;159
3732;4;2;159
3733;4;3;159
3734;4;4;159
3735;4;5;159
3736;4;1;269
3737;4;2;269
3738;4;3;269
3739;4;4;269
3740;4;5;269
3741;4;1;190
3742;4;2;190
3743;4;3;190
3744;4;4;190
3745;4;5;190
3746;4;1;157
3747;4;2;157
3748;4;3;157
3749;4;4;157
3750;4;5;157
3751;4;1;270
3752;4;2;270
3753;4;3;270
3754;4;4;270
3755;4;5;270
3756;4;1;240
3757;4;2;240
3758;4;3;240
3759;4;4;240
3760;4;5;240
3761;4;1;155
3762;4;2;155
3763;4;3;155
3764;4;4;155
3765;4;5;155
3766;4;1;271
3767;4;2;271
3768;4;3;271
3769;4;4;271
3770;4;5;271
3771;4;1;154
3772;4;2;154
3773;4;3;154
3774;4;4;154
3775;4;5;154
3776;4;1;272
3777;4;2;272
3778;4;3;272
3779;4;4;272
3780;4;5;272
3781;4;1;246
3782;4;2;246
3783;4;3;246
3784;4;4;246
3785;4;5;246
3786;4;1;153
3787;4;2;153
3788;4;3;153
3789;4;4;153
3790;4;5;153
3791;4;1;273
3792;4;2;273
3793;4;3;273
3794;4;4;273
3795;4;5;273
3796;4;1;191
3797;4;2;191
3798;4;3;191
3799;4;4;191
3800;4;5;191
3801;4;1;149
3802;4;2;149
3803;4;3;149
3804;4;4;149
3805;4;5;149
3806;4;1;274
3807;4;2;274
3808;4;3;274
3809;4;4;274
3810;4;5;274
3811;4;1;147
3812;4;2;147
3813;4;3;147
3814;4;4;147
3815;4;5;147
3816;4;1;275
3817;4;2;275
3818;4;3;275
3819;4;4;275
3820;4;5;275
3821;4;1;146
3822;4;2;146
3823;4;3;146
3824;4;4;146
3825;4;5;146
3826;4;1;276
3827;4;2;276
3828;4;3;276
3829;4;4;276
3830;4;5;276
3831;4;1;184
3832;4;2;184
3833;4;3;184
3834;4;4;184
3835;4;5;184
3836;4;1;145
3837;4;2;145
3838;4;3;145
3839;4;4;145
3840;4;5;145
3841;4;1;277
3842;4;2;277
3843;4;3;277
3844;4;4;277
3845;4;5;277
3846;4;1;239
3847;4;2;239
3848;4;3;239
3849;4;4;239
3850;4;5;239
3851;4;1;144
3852;4;2;144
3853;4;3;144
3854;4;4;144
3855;4;5;144
3856;4;1;192
3857;4;2;192
3858;4;3;192
3859;4;4;192
3860;4;5;192
3861;4;1;143
3862;4;2;143
3863;4;3;143
3864;4;4;143
3865;4;5;143
3866;4;1;279
3867;4;2;279
3868;4;3;279
3869;4;4;279
3870;4;5;279
3871;4;1;142
3872;4;2;142
3873;4;3;142
3874;4;4;142
3875;4;5;142
3876;4;1;310
3877;4;2;310
3878;4;3;310
3879;4;4;310
3880;4;5;310
3881;4;1;278
3882;4;2;278
3883;4;3;278
3884;4;4;278
3885;4;5;278
3886;5;;5325
3887;5;;92
3888;5;;95
3889;5;;230
3890;5;;228
3891;5;;223
3892;5;;26
3893;5;;208
3894;5;;43
3895;5;;116
3896;5;;148
3897;5;;233
3898;5;;150
3899;5;;280
3900;5;;3
3901;5;;249
3902;5;;288
3903;5;;292
3904;5;;63
3905;5;;302
3906;5;;40
3907;5;;305
3908;5;;308
3909;5;;312
3910;5;;251
3911;5;;263
3912;5;;267
3913;5;;187
3914;5;;185
3915;5;;183
3916;5;;114
3917;5;;57
3918;5;;84
3919;5;;238
3920;5;;111
3921;5;;176
3922;5;;175
3923;5;;151
3924;5;;133
3925;5;;36
3926;5;;130
3927;5;;127
3928;5;;2
3929;5;;168
3930;5;;86
3931;5;;60
3932;5;;136
3933;5;;316
3934;5;;96
3935;5;;314
3936;5;;242
3937;5;;5
3938;6;;5325
3939;6;;114
3940;6;;95
3941;6;;111
3942;6;;150
3943;6;;280
3944;6;;302
3945;6;;92
3946;6;;86
3947;6;;84
3948;6;;148
3949;6;;63
3950;6;;60
3951;6;;57
3952;6;;43
3953;6;;40
3954;6;;36
3955;6;;26
3956;6;;3
3957;6;;2
3958;6;;168
3959;6;;136
3960;6;;316
3961;6;;314
3962;6;;312
3963;6;;96
3964;6;;308
3965;6;;305
3966;6;;292
3967;6;;288
3968;6;;267
3969;6;;263
3970;6;;251
3971;6;;249
3972;6;;230
3973;6;;228
3974;6;;223
3975;6;;208
3976;6;;187
3977;6;;185
3978;6;;183
3979;6;;176
3980;6;;175
3981;6;;151
3982;6;;133
3983;6;;130
3984;6;;127
3985;6;;116
3986;6;;242
3987;6;;5
3988;6;;238
3989;6;;233
3990;7;;5325
3991;7;;168
3992;7;;238
3993;7;;292
3994;7;;111
3995;7;;249
3996;7;;136
3997;7;;150
3998;7;;92
3999;7;;305
4000;7;;183
4001;7;;63
4002;7;;40
4003;7;;148
4004;7;;26
4005;7;;151
4006;7;;308
4007;7;;3
4008;7;;185
4009;7;;175
4010;7;;43
4011;7;;251
4012;7;;302
4013;7;;288
4014;7;;95
4015;7;;316
4016;7;;84
4017;7;;127
4018;7;;176
4019;7;;314
4020;7;;280
4021;7;;36
4022;7;;60
4023;7;;230
4024;7;;116
4025;7;;2
4026;7;;228
4027;7;;267
4028;7;;133
4029;7;;96
4030;7;;263
4031;7;;223
4032;7;;57
4033;7;;86
4034;7;;208
4035;7;;130
4036;7;;233
4037;7;;187
4038;7;;114
4039;7;;312
4040;7;;242
4041;7;;5
4042;8;;5325
4043;8;;267
4044;8;;176
4045;8;;183
4046;8;;60
4047;8;;280
4048;8;;187
4049;8;;57
4050;8;;130
4051;8;;185
4052;8;;43
4053;8;;230
4054;8;;233
4055;8;;96
4056;8;;208
4057;8;;36
4058;8;;263
4059;8;;314
4060;8;;238
4061;8;;223
4062;8;;40
4063;8;;249
4064;8;;116
4065;8;;2
4066;8;;308
4067;8;;84
4068;8;;305
4069;8;;86
4070;8;;228
4071;8;;127
4072;8;;302
4073;8;;136
4074;8;;148
4075;8;;133
4076;8;;95
4077;8;;3
4078;8;;292
4079;8;;150
4080;8;;114
4081;8;;151
4082;8;;63
4083;8;;175
4084;8;;92
4085;8;;288
4086;8;;26
4087;8;;316
4088;8;;168
4089;8;;242
4090;8;;5
4091;8;;251
4092;8;;312
4093;8;;111
4094;9;1;263
4095;9;2;263
4096;9;3;263
4097;9;4;263
4098;9;5;263
4099;9;1;288
4100;9;2;288
4101;9;3;288
4102;9;4;288
4103;9;5;288
4104;9;1;302
4105;9;2;302
4106;9;3;302
4107;9;4;302
4108;9;5;302
4109;9;1;267
4110;9;2;267
4111;9;3;267
4112;9;4;267
4113;9;5;267
4114;9;1;116
4115;9;2;116
4116;9;3;116
4117;9;4;116
4118;9;5;116
4119;9;1;305
4120;9;2;305
4121;9;3;305
4122;9;4;305
4123;9;5;305
4124;9;1;308
4125;9;2;308
4126;9;3;308
4127;9;4;308
4128;9;5;308
4129;9;1;312
4130;9;2;312
4131;9;3;312
4132;9;4;312
4133;9;5;312
4134;9;1;314
4135;9;2;314
4136;9;3;314
4137;9;4;314
4138;9;5;314
4139;9;1;316
4140;9;2;316
4141;9;3;316
4142;9;4;316
4143;9;5;316
4144;9;1;136
4145;9;2;136
4146;9;3;136
4147;9;4;136
4148;9;5;136
4149;9;1;168
4150;9;2;168
4151;9;3;168
4152;9;4;168
4153;9;5;168
4154;9;1;2
4155;9;2;2
4156;9;3;2
4157;9;4;2
4158;9;5;2
4159;9;1;3
4160;9;2;3
4161;9;3;3
4162;9;4;3
4163;9;5;3
4164;9;1;26
4165;9;2;26
4166;9;3;26
4167;9;4;26
4168;9;5;26
4169;9;1;36
4170;9;2;36
4171;9;3;36
4172;9;4;36
4173;9;5;36
4174;9;1;40
4175;9;2;40
4176;9;3;40
4177;9;4;40
4178;9;5;40
4179;9;1;43
4180;9;2;43
4181;9;3;43
4182;9;4;43
4183;9;5;43
4184;9;1;57
4185;9;2;57
4186;9;3;57
4187;9;4;57
4188;9;5;57
4189;9;1;60
4190;9;2;60
4191;9;3;60
4192;9;4;60
4193;9;5;60
4194;9;1;63
4195;9;2;63
4196;9;3;63
4197;9;4;63
4198;9;5;63
4199;9;1;148
4200;9;2;148
4201;9;3;148
4202;9;4;148
4203;9;5;148
4204;9;1;84
4205;9;2;84
4206;9;3;84
4207;9;4;84
4208;9;5;84
4209;9;1;86
4210;9;2;86
4211;9;3;86
4212;9;4;86
4213;9;5;86
4214;9;1;280
4215;9;2;280
4216;9;3;280
4217;9;4;280
4218;9;5;280
4219;9;1;92
4220;9;2;92
4221;9;3;92
4222;9;4;92
4223;9;5;92
4224;9;1;95
4225;9;2;95
4226;9;3;95
4227;9;4;95
4228;9;5;95
4229;9;1;292
4230;9;2;292
4231;9;3;292
4232;9;4;292
4233;9;5;292
4234;9;1;96
4235;9;2;96
4236;9;3;96
4237;9;4;96
4238;9;5;96
4239;9;1;111
4240;9;2;111
4241;9;3;111
4242;9;4;111
4243;9;5;111
4244;9;1;114
4245;9;2;114
4246;9;3;114
4247;9;4;114
4248;9;5;114
4249;9;1;127
4250;9;2;127
4251;9;3;127
4252;9;4;127
4253;9;5;127
4254;9;1;130
4255;9;2;130
4256;9;3;130
4257;9;4;130
4258;9;5;130
4259;9;1;133
4260;9;2;133
4261;9;3;133
4262;9;4;133
4263;9;5;133
4264;9;1;150
4265;9;2;150
4266;9;3;150
4267;9;4;150
4268;9;5;150
4269;9;1;151
4270;9;2;151
4271;9;3;151
4272;9;4;151
4273;9;5;151
4274;9;1;175
4275;9;2;175
4276;9;3;175
4277;9;4;175
4278;9;5;175
4279;9;1;176
4280;9;2;176
4281;9;3;176
4282;9;4;176
4283;9;5;176
4284;9;1;183
4285;9;2;183
4286;9;3;183
4287;9;4;183
4288;9;5;183
4289;9;1;185
4290;9;2;185
4291;9;3;185
4292;9;4;185
4293;9;5;185
4294;9;1;187
4295;9;2;187
4296;9;3;187
4297;9;4;187
4298;9;5;187
4299;9;1;208
4300;9;2;208
4301;9;3;208
4302;9;4;208
4303;9;5;208
4304;9;1;223
4305;9;2;223
4306;9;3;223
4307;9;4;223
4308;9;5;223
4309;9;1;228
4310;9;2;228
4311;9;3;228
4312;9;4;228
4313;9;5;228
4314;9;1;230
4315;9;2;230
4316;9;3;230
4317;9;4;230
4318;9;5;230
4319;9;1;233
4320;9;2;233
4321;9;3;233
4322;9;4;233
4323;9;5;233
4324;9;1;238
4325;9;2;238
4326;9;3;238
4327;9;4;238
4328;9;5;238
4329;9;1;249
4330;9;2;249
4331;9;3;249
4332;9;4;249
4333;9;5;249
4334;9;1;251
4335;9;2;251
4336;9;3;251
4337;9;4;251
4338;9;5;251
4339;9;1;242
4340;9;2;242
4341;9;3;242
4342;9;4;242
4343;9;5;242
4344;9;1;5
4345;9;2;5
4346;9;3;5
4347;9;4;5
4348;9;5;5
4349;10;1;175
4350;10;2;175
4351;10;3;175
4352;10;4;175
4353;10;5;175
4354;10;1;187
4355;10;2;187
4356;10;3;187
4357;10;4;187
4358;10;5;187
4359;10;1;63
4360;10;2;63
4361;10;3;63
4362;10;4;63
4363;10;5;63
4364;10;1;263
4365;10;2;263
4366;10;3;263
4367;10;4;263
4368;10;5;263
4369;10;1;151
4370;10;2;151
4371;10;3;151
4372;10;4;151
4373;10;5;151
4374;10;1;150
4375;10;2;150
4376;10;3;150
4377;10;4;150
4378;10;5;150
4379;10;1;133
4380;10;2;133
4381;10;3;133
4382;10;4;133
4383;10;5;133
4384;10;1;130
4385;10;2;130
4386;10;3;130
4387;10;4;130
4388;10;5;130
4389;10;1;292
4390;10;2;292
4391;10;3;292
4392;10;4;292
4393;10;5;292
4394;10;1;208
4395;10;2;208
4396;10;3;208
4397;10;4;208
4398;10;5;208
4399;10;1;36
4400;10;2;36
4401;10;3;36
4402;10;4;36
4403;10;5;36
4404;10;1;223
4405;10;2;223
4406;10;3;223
4407;10;4;223
4408;10;5;223
4409;10;1;228
4410;10;2;228
4411;10;3;228
4412;10;4;228
4413;10;5;228
4414;10;1;230
4415;10;2;230
4416;10;3;230
4417;10;4;230
4418;10;5;230
4419;10;1;26
4420;10;2;26
4421;10;3;26
4422;10;4;26
4423;10;5;26
4424;10;1;127
4425;10;2;127
4426;10;3;127
4427;10;4;127
4428;10;5;127
4429;10;1;233
4430;10;2;233
4431;10;3;233
4432;10;4;233
4433;10;5;233
4434;10;1;148
4435;10;2;148
4436;10;3;148
4437;10;4;148
4438;10;5;148
4439;10;1;3
4440;10;2;3
4441;10;3;3
4442;10;4;3
4443;10;5;3
4444;10;1;176
4445;10;2;176
4446;10;3;176
4447;10;4;176
4448;10;5;176
4449;10;1;183
4450;10;2;183
4451;10;3;183
4452;10;4;183
4453;10;5;183
4454;10;1;40
4455;10;2;40
4456;10;3;40
4457;10;4;40
4458;10;5;40
4459;10;1;2
4460;10;2;2
4461;10;3;2
4462;10;4;2
4463;10;5;2
4464;10;1;84
4465;10;2;84
4466;10;3;84
4467;10;4;84
4468;10;5;84
4469;10;1;86
4470;10;2;86
4471;10;3;86
4472;10;4;86
4473;10;5;86
4474;10;1;92
4475;10;2;92
4476;10;3;92
4477;10;4;92
4478;10;5;92
4479;10;1;168
4480;10;2;168
4481;10;3;168
4482;10;4;168
4483;10;5;168
4484;10;1;43
4485;10;2;43
4486;10;3;43
4487;10;4;43
4488;10;5;43
4489;10;1;95
4490;10;2;95
4491;10;3;95
4492;10;4;95
4493;10;5;95
4494;10;1;96
4495;10;2;96
4496;10;3;96
4497;10;4;96
4498;10;5;96
4499;10;1;136
4500;10;2;136
4501;10;3;136
4502;10;4;136
4503;10;5;136
4504;10;1;111
4505;10;2;111
4506;10;3;111
4507;10;4;111
4508;10;5;111
4509;10;1;57
4510;10;2;57
4511;10;3;57
4512;10;4;57
4513;10;5;57
4514;10;1;185
4515;10;2;185
4516;10;3;185
4517;10;4;185
4518;10;5;185
4519;10;1;114
4520;10;2;114
4521;10;3;114
4522;10;4;114
4523;10;5;114
4524;10;1;316
4525;10;2;316
4526;10;3;316
4527;10;4;316
4528;10;5;316
4529;10;1;116
4530;10;2;116
4531;10;3;116
4532;10;4;116
4533;10;5;116
4534;10;1;60
4535;10;2;60
4536;10;3;60
4537;10;4;60
4538;10;5;60
4539;10;1;251
4540;10;2;251
4541;10;3;251
4542;10;4;251
4543;10;5;251
4544;10;1;249
4545;10;2;249
4546;10;3;249
4547;10;4;249
4548;10;5;249
4549;10;1;238
4550;10;2;238
4551;10;3;238
4552;10;4;238
4553;10;5;238
4554;10;1;267
4555;10;2;267
4556;10;3;267
4557;10;4;267
4558;10;5;267
4559;10;1;280
4560;10;2;280
4561;10;3;280
4562;10;4;280
4563;10;5;280
4564;10;1;288
4565;10;2;288
4566;10;3;288
4567;10;4;288
4568;10;5;288
4569;10;1;314
4570;10;2;314
4571;10;3;314
4572;10;4;314
4573;10;5;314
4574;10;1;312
4575;10;2;312
4576;10;3;312
4577;10;4;312
4578;10;5;312
4579;10;1;308
4580;10;2;308
4581;10;3;308
4582;10;4;308
4583;10;5;308
4584;10;1;305
4585;10;2;305
4586;10;3;305
4587;10;4;305
4588;10;5;305
4589;10;1;242
4590;10;2;242
4591;10;3;242
4592;10;4;242
4593;10;5;242
4594;10;1;5
4595;10;2;5
4596;10;3;5
4597;10;4;5
4598;10;5;5
4599;10;1;302
4600;10;2;302
4601;10;3;302
4602;10;4;302
4603;10;5;302
4604;11;1;168
4605;11;2;168
4606;11;3;168
4607;11;4;168
4608;11;5;168
4609;11;1;111
4610;11;2;111
4611;11;3;111
4612;11;4;111
4613;11;5;111
4614;11;1;127
4615;11;2;127
4616;11;3;127
4617;11;4;127
4618;11;5;127
4619;11;1;148
4620;11;2;148
4621;11;3;148
4622;11;4;148
4623;11;5;148
4624;11;1;223
4625;11;2;223
4626;11;3;223
4627;11;4;223
4628;11;5;223
4629;11;1;130
4630;11;2;130
4631;11;3;130
4632;11;4;130
4633;11;5;130
4634;11;1;114
4635;11;2;114
4636;11;3;114
4637;11;4;114
4638;11;5;114
4639;11;1;57
4640;11;2;57
4641;11;3;57
4642;11;4;57
4643;11;5;57
4644;11;1;316
4645;11;2;316
4646;11;3;316
4647;11;4;316
4648;11;5;316
4649;11;1;133
4650;11;2;133
4651;11;3;133
4652;11;4;133
4653;11;5;133
4654;11;1;84
4655;11;2;84
4656;11;3;84
4657;11;4;84
4658;11;5;84
4659;11;1;314
4660;11;2;314
4661;11;3;314
4662;11;4;314
4663;11;5;314
4664;11;1;187
4665;11;2;187
4666;11;3;187
4667;11;4;187
4668;11;5;187
4669;11;1;228
4670;11;2;228
4671;11;3;228
4672;11;4;228
4673;11;5;228
4674;11;1;151
4675;11;2;151
4676;11;3;151
4677;11;4;151
4678;11;5;151
4679;11;1;36
4680;11;2;36
4681;11;3;36
4682;11;4;36
4683;11;5;36
4684;11;1;312
4685;11;2;312
4686;11;3;312
4687;11;4;312
4688;11;5;312
4689;11;1;175
4690;11;2;175
4691;11;3;175
4692;11;4;175
4693;11;5;175
4694;11;1;86
4695;11;2;86
4696;11;3;86
4697;11;4;86
4698;11;5;86
4699;11;1;249
4700;11;2;249
4701;11;3;249
4702;11;4;249
4703;11;5;249
4704;11;1;176
4705;11;2;176
4706;11;3;176
4707;11;4;176
4708;11;5;176
4709;11;1;60
4710;11;2;60
4711;11;3;60
4712;11;4;60
4713;11;5;60
4714;11;1;230
4715;11;2;230
4716;11;3;230
4717;11;4;230
4718;11;5;230
4719;11;1;183
4720;11;2;183
4721;11;3;183
4722;11;4;183
4723;11;5;183
4724;11;1;308
4725;11;2;308
4726;11;3;308
4727;11;4;308
4728;11;5;308
4729;11;1;92
4730;11;2;92
4731;11;3;92
4732;11;4;92
4733;11;5;92
4734;11;1;185
4735;11;2;185
4736;11;3;185
4737;11;4;185
4738;11;5;185
4739;11;1;43
4740;11;2;43
4741;11;3;43
4742;11;4;43
4743;11;5;43
4744;11;1;305
4745;11;2;305
4746;11;3;305
4747;11;4;305
4748;11;5;305
4749;11;1;280
4750;11;2;280
4751;11;3;280
4752;11;4;280
4753;11;5;280
4754;11;1;208
4755;11;2;208
4756;11;3;208
4757;11;4;208
4758;11;5;208
4759;11;1;238
4760;11;2;238
4761;11;3;238
4762;11;4;238
4763;11;5;238
4764;11;1;288
4765;11;2;288
4766;11;3;288
4767;11;4;288
4768;11;5;288
4769;11;1;95
4770;11;2;95
4771;11;3;95
4772;11;4;95
4773;11;5;95
4774;11;1;267
4775;11;2;267
4776;11;3;267
4777;11;4;267
4778;11;5;267
4779;11;1;302
4780;11;2;302
4781;11;3;302
4782;11;4;302
4783;11;5;302
4784;11;1;63
4785;11;2;63
4786;11;3;63
4787;11;4;63
4788;11;5;63
4789;11;1;263
4790;11;2;263
4791;11;3;263
4792;11;4;263
4793;11;5;263
4794;11;1;96
4795;11;2;96
4796;11;3;96
4797;11;4;96
4798;11;5;96
4799;11;1;242
4800;11;2;242
4801;11;3;242
4802;11;4;242
4803;11;5;242
4804;11;1;5
4805;11;2;5
4806;11;3;5
4807;11;4;5
4808;11;5;5
4809;11;1;251
4810;11;2;251
4811;11;3;251
4812;11;4;251
4813;11;5;251
4814;11;1;292
4815;11;2;292
4816;11;3;292
4817;11;4;292
4818;11;5;292
4819;11;1;136
4820;11;2;136
4821;11;3;136
4822;11;4;136
4823;11;5;136
4824;11;1;116
4825;11;2;116
4826;11;3;116
4827;11;4;116
4828;11;5;116
4829;11;1;2
4830;11;2;2
4831;11;3;2
4832;11;4;2
4833;11;5;2
4834;11;1;40
4835;11;2;40
4836;11;3;40
4837;11;4;40
4838;11;5;40
4839;11;1;3
4840;11;2;3
4841;11;3;3
4842;11;4;3
4843;11;5;3
4844;11;1;26
4845;11;2;26
4846;11;3;26
4847;11;4;26
4848;11;5;26
4849;11;1;150
4850;11;2;150
4851;11;3;150
4852;11;4;150
4853;11;5;150
4854;11;1;233
4855;11;2;233
4856;11;3;233
4857;11;4;233
4858;11;5;233
4859;12;1;111
4860;12;2;111
4861;12;3;111
4862;12;4;111
4863;12;5;111
4864;12;1;96
4865;12;2;96
4866;12;3;96
4867;12;4;96
4868;12;5;96
4869;12;1;2
4870;12;2;2
4871;12;3;2
4872;12;4;2
4873;12;5;2
4874;12;1;95
4875;12;2;95
4876;12;3;95
4877;12;4;95
4878;12;5;95
4879;12;1;92
4880;12;2;92
4881;12;3;92
4882;12;4;92
4883;12;5;92
4884;12;1;36
4885;12;2;36
4886;12;3;36
4887;12;4;36
4888;12;5;36
4889;12;1;86
4890;12;2;86
4891;12;3;86
4892;12;4;86
4893;12;5;86
4894;12;1;84
4895;12;2;84
4896;12;3;84
4897;12;4;84
4898;12;5;84
4899;12;1;148
4900;12;2;148
4901;12;3;148
4902;12;4;148
4903;12;5;148
4904;12;1;63
4905;12;2;63
4906;12;3;63
4907;12;4;63
4908;12;5;63
4909;12;1;60
4910;12;2;60
4911;12;3;60
4912;12;4;60
4913;12;5;60
4914;12;1;57
4915;12;2;57
4916;12;3;57
4917;12;4;57
4918;12;5;57
4919;12;1;242
4920;12;2;242
4921;12;3;242
4922;12;4;242
4923;12;5;242
4924;12;1;5
4925;12;2;5
4926;12;3;5
4927;12;4;5
4928;12;5;5
4929;12;1;43
4930;12;2;43
4931;12;3;43
4932;12;4;43
4933;12;5;43
4934;12;1;263
4935;12;2;263
4936;12;3;263
4937;12;4;263
4938;12;5;263
4939;12;1;40
4940;12;2;40
4941;12;3;40
4942;12;4;40
4943;12;5;40
4944;12;1;249
4945;12;2;249
4946;12;3;249
4947;12;4;249
4948;12;5;249
4949;12;1;288
4950;12;2;288
4951;12;3;288
4952;12;4;288
4953;12;5;288
4954;12;1;280
4955;12;2;280
4956;12;3;280
4957;12;4;280
4958;12;5;280
4959;12;1;168
4960;12;2;168
4961;12;3;168
4962;12;4;168
4963;12;5;168
4964;12;1;185
4965;12;2;185
4966;12;3;185
4967;12;4;185
4968;12;5;185
4969;12;1;136
4970;12;2;136
4971;12;3;136
4972;12;4;136
4973;12;5;136
4974;12;1;267
4975;12;2;267
4976;12;3;267
4977;12;4;267
4978;12;5;267
4979;12;1;230
4980;12;2;230
4981;12;3;230
4982;12;4;230
4983;12;5;230
4984;12;1;183
4985;12;2;183
4986;12;3;183
4987;12;4;183
4988;12;5;183
4989;12;1;176
4990;12;2;176
4991;12;3;176
4992;12;4;176
4993;12;5;176
4994;12;1;175
4995;12;2;175
4996;12;3;175
4997;12;4;175
4998;12;5;175
4999;12;1;228
5000;12;2;228
5001;12;3;228
5002;12;4;228
5003;12;5;228
5004;12;1;151
5005;12;2;151
5006;12;3;151
5007;12;4;151
5008;12;5;151
5009;12;1;150
5010;12;2;150
5011;12;3;150
5012;12;4;150
5013;12;5;150
5014;12;1;233
5015;12;2;233
5016;12;3;233
5017;12;4;233
5018;12;5;233
5019;12;1;133
5020;12;2;133
5021;12;3;133
5022;12;4;133
5023;12;5;133
5024;12;1;223
5025;12;2;223
5026;12;3;223
5027;12;4;223
5028;12;5;223
5029;12;1;130
5030;12;2;130
5031;12;3;130
5032;12;4;130
5033;12;5;130
5034;12;1;127
5035;12;2;127
5036;12;3;127
5037;12;4;127
5038;12;5;127
5039;12;1;26
5040;12;2;26
5041;12;3;26
5042;12;4;26
5043;12;5;26
5044;12;1;116
5045;12;2;116
5046;12;3;116
5047;12;4;116
5048;12;5;116
5049;12;1;3
5050;12;2;3
5051;12;3;3
5052;12;4;3
5053;12;5;3
5054;12;1;292
5055;12;2;292
5056;12;3;292
5057;12;4;292
5058;12;5;292
5059;12;1;208
5060;12;2;208
5061;12;3;208
5062;12;4;208
5063;12;5;208
5064;12;1;302
5065;12;2;302
5066;12;3;302
5067;12;4;302
5068;12;5;302
5069;12;1;305
5070;12;2;305
5071;12;3;305
5072;12;4;305
5073;12;5;305
5074;12;1;238
5075;12;2;238
5076;12;3;238
5077;12;4;238
5078;12;5;238
5079;12;1;308
5080;12;2;308
5081;12;3;308
5082;12;4;308
5083;12;5;308
5084;12;1;187
5085;12;2;187
5086;12;3;187
5087;12;4;187
5088;12;5;187
5089;12;1;312
5090;12;2;312
5091;12;3;312
5092;12;4;312
5093;12;5;312
5094;12;1;314
5095;12;2;314
5096;12;3;314
5097;12;4;314
5098;12;5;314
5099;12;1;114
5100;12;2;114
5101;12;3;114
5102;12;4;114
5103;12;5;114
5104;12;1;316
5105;12;2;316
5106;12;3;316
5107;12;4;316
5108;12;5;316
5109;12;1;251
5110;12;2;251
5111;12;3;251
5112;12;4;251
5113;12;5;251
