id;eventId;trainingModuleId
1;51;1
2;52;1
3;53;1
4;54;1
5;55;1
6;56;1
7;57;1
8;58;1
9;59;1
10;60;1
11;61;1
12;62;1
13;63;1
14;64;1
15;65;1
16;66;1
17;67;1
18;68;1
19;69;1
20;70;1
21;71;1
22;72;1
23;73;1
24;74;1
25;75;1
26;76;1
27;77;1
28;78;1
29;79;1
30;80;1
31;81;1
32;82;1
33;83;1
34;84;1
35;85;1
36;86;1
37;87;1
38;88;1
39;89;1
40;90;1
41;91;1
42;92;1
43;93;1
44;94;1
45;95;1
46;96;1
47;97;1
48;98;1
49;99;1
50;100;1
51;101;1
52;102;1
53;103;1
54;104;1
55;105;1
57;107;1
58;108;1
59;109;1
60;110;1
61;111;1
62;112;1
63;113;1
64;114;1
65;115;1
66;116;1
67;117;1
68;118;1
69;119;1
70;120;1
71;121;1
72;122;1
73;123;1
74;124;1
75;125;1
76;126;1
77;127;1
78;128;1
79;129;1
80;130;1
81;131;1
82;132;1
83;133;1
84;134;1
85;135;1
86;136;1
87;137;1
88;138;1
89;139;1
90;140;1
91;141;1
92;142;1
93;143;1
94;144;1
95;145;1
96;146;1
97;147;1
98;148;1
99;149;1
100;150;1
101;151;1
102;152;1
103;153;1
104;154;1
105;155;1
106;156;1
107;157;1
108;158;1
109;159;1
110;160;1
111;161;1
112;162;1
113;163;1
114;164;1
115;165;1
116;166;1
117;167;1
118;168;1
119;169;1
120;170;1
121;171;1
122;172;1
123;173;1
124;174;1
125;175;1
127;177;1
128;178;1
129;179;1
130;180;1
131;181;1
132;182;1
133;183;1
134;184;1
135;185;1
136;186;1
137;187;1
138;188;1
139;189;1
140;190;1
141;191;1
142;192;1
143;193;1
144;194;1
145;195;1
146;196;1
147;197;1
148;198;1
149;199;1
150;200;1
151;201;1
152;202;1
153;203;1
154;204;1
155;205;1
156;206;1
157;207;1
158;208;1
159;209;1
160;210;1
161;211;1
162;212;1
163;213;1
164;214;1
166;216;1
167;217;1
168;218;1
169;219;1
170;220;1
171;221;1
172;222;1
173;223;1
174;224;1
175;225;1
176;226;1
177;227;1
178;228;1
179;229;1
180;230;1
181;231;1
182;232;1
183;233;1
184;234;1
185;235;1
186;236;1
187;237;1
188;238;1
189;239;1
190;240;1
191;241;1
192;242;1
193;243;1
194;244;1
195;245;1
196;246;1
197;247;1
198;248;1
199;249;1
200;250;1
201;251;1
202;252;1
203;253;1
204;254;1
205;255;1
206;256;1
207;257;1
208;258;1
209;259;1
210;260;1
211;261;1
212;262;1
213;263;1
214;264;1
215;265;1
216;266;1
217;267;1
218;268;1
219;269;1
220;270;1
221;271;1
222;272;1
223;273;1
224;274;1
225;275;1
226;276;1
227;277;1
228;278;1
229;279;1
230;280;1
231;281;1
232;282;1
233;283;1
234;284;1
235;285;1
236;286;1
237;287;1
238;288;1
239;289;1
240;290;1
241;291;1
242;292;1
243;293;1
244;294;1
245;295;1
246;296;1
247;297;1
248;298;1
249;299;1
250;300;1
251;301;1
252;302;1
253;303;1
254;304;1
255;305;1
256;306;1
257;307;1
258;308;1
259;309;1
260;310;1
261;311;1
262;312;1
263;313;1
264;314;1
265;315;1
266;316;1
267;317;1
268;318;1
269;319;1
270;320;1
271;321;1
272;322;1
273;323;1
274;324;1
275;325;1
276;326;1
277;327;1
278;328;1
279;329;1
280;330;1
281;331;1
282;332;1
283;333;1
284;334;1
285;335;1
286;336;1
287;337;1
288;338;1
289;339;1
290;340;1
291;341;1
292;342;1
293;343;1
294;344;1
295;345;1
296;346;1
297;347;1
298;348;1
299;349;1
300;350;1
301;351;1
302;352;1
303;353;1
304;354;1
305;355;1
306;356;1
307;357;1
308;358;1
309;359;1
310;360;1
311;361;1
312;362;1
313;363;1
314;364;1
315;365;1
316;366;1
317;367;1
318;368;1
319;369;1
320;370;1
321;371;1
322;372;1
323;373;1
324;374;1
325;375;1
326;376;1
327;377;1
328;378;1
329;379;1
330;380;1
331;381;1
332;382;1
333;383;1
334;384;1
335;385;1
336;386;1
337;387;1
338;388;1
339;389;1
340;390;1
341;391;1
342;392;1
343;393;1
344;394;1
345;395;1
346;396;1
347;397;1
348;398;1
349;399;1
350;400;1
351;401;1
352;402;1
353;403;1
354;404;1
355;405;1
356;406;1
357;407;1
358;408;1
359;409;1
360;410;1
361;411;1
362;412;1
363;413;1
364;414;1
365;415;1
366;416;1
367;417;1
368;418;1
369;419;1
370;420;1
371;421;1
372;422;1
373;423;1
374;424;1
375;425;1
376;426;1
377;427;1
378;428;1
379;429;1
380;430;1
381;431;1
382;432;1
383;433;1
384;434;1
385;435;1
386;436;1
387;437;1
388;438;1
389;439;1
390;440;1
391;441;1
392;442;1
393;443;1
394;444;1
395;445;1
396;446;1
397;447;1
398;448;1
399;449;1
400;450;1
401;451;1
402;452;1
404;454;1
405;455;1
406;456;1
407;457;1
408;458;1
409;459;1
410;460;1
411;461;1
412;462;1
413;463;1
414;464;1
415;465;1
416;466;1
417;467;1
418;468;1
419;469;1
420;470;1
421;471;1
422;472;1
423;473;1
424;474;1
425;475;1
426;476;1
427;477;1
428;478;1
429;479;1
430;480;1
431;481;1
432;482;1
433;483;1
434;484;1
435;485;1
436;486;1
437;487;1
439;489;1
440;490;1
441;491;1
442;492;1
443;493;1
444;494;1
445;495;1
446;496;1
447;497;1
448;498;1
449;499;1
450;500;1
451;501;1
452;502;1
453;503;1
454;504;1
455;505;1
456;506;1
457;507;1
458;508;1
459;509;1
460;510;1
461;511;1
462;512;1
463;513;1
464;514;1
465;515;1
466;516;1
467;517;1
468;518;1
469;519;1
470;520;1
471;521;1
472;522;1
473;523;1
474;524;1
475;525;1
476;526;1
477;527;1
478;528;1
479;529;1
480;530;1
481;531;1
482;532;1
483;533;1
485;535;1
486;536;1
487;537;1
488;538;1
489;539;1
490;540;1
491;541;1
492;542;1
493;543;1
494;544;1
495;545;1
496;546;1
497;547;1
498;548;1
499;549;1
500;550;1
501;551;1
502;552;1
503;553;1
504;554;1
505;555;1
506;556;1
507;557;1
508;558;1
509;559;1
510;560;1
511;561;1
512;562;1
513;563;1
514;564;1
515;565;1
516;566;1
517;567;1
518;568;1
519;569;1
520;570;1
521;571;1
522;572;1
523;573;1
524;574;1
525;575;1
526;576;1
527;577;1
528;578;1
529;579;1
530;580;1
531;581;1
532;582;1
533;583;1
534;584;1
535;585;1
536;586;1
537;587;1
538;588;1
539;589;1
540;590;1
541;591;1
542;592;1
543;593;1
544;594;1
545;595;1
546;596;1
547;597;1
548;598;1
549;599;1
550;600;1
551;601;1
552;602;1
553;603;1
554;604;1
555;605;1
556;606;1
557;607;1
558;608;1
559;609;1
560;610;1
561;611;1
562;612;1
563;613;1
564;614;1
565;615;1
567;617;1
568;618;1
569;619;1
570;620;1
571;621;1
572;622;1
573;623;1
574;624;1
575;625;1
576;626;1
577;627;1
578;628;1
579;629;1
580;630;1
581;631;1
582;632;1
583;633;1
584;634;1
585;635;1
586;636;1
587;637;1
588;638;1
589;639;1
590;640;1
591;641;1
592;642;1
593;643;1
594;644;1
596;646;1
597;647;1
598;648;1
599;649;1
600;650;1
601;651;1
602;652;1
603;653;1
604;654;1
605;655;1
606;656;1
607;657;1
608;658;1
609;659;1
610;660;1
611;661;1
612;662;1
613;663;1
614;664;1
615;665;1
616;666;1
617;667;1
618;668;1
619;669;1
620;670;1
621;671;1
622;672;1
623;673;1
624;674;1
625;675;1
626;676;1
627;677;1
628;678;1
629;679;1
630;680;1
631;681;1
632;682;1
633;683;1
634;684;1
635;685;1
636;686;1
637;687;1
638;688;1
639;689;1
640;690;1
641;691;1
642;692;1
643;693;1
644;694;1
645;695;1
646;696;1
647;697;1
648;698;1
649;699;1
650;700;1
651;701;1
652;702;1
653;703;1
654;704;1
655;705;1
656;706;1
657;707;1
658;708;1
659;709;1
660;710;1
661;711;1
662;712;1
663;713;1
664;714;1
665;715;1
666;716;1
667;717;1
668;718;1
669;719;1
670;720;1
671;721;1
672;722;1
673;723;1
674;724;1
675;725;1
676;726;1
677;727;1
678;728;1
679;729;1
680;730;1
681;731;1
682;732;1
683;733;1
684;734;1
685;735;1
686;736;1
687;737;1
688;738;1
689;739;1
690;740;1
691;741;1
692;742;1
693;743;1
694;744;1
696;746;1
697;747;1
698;748;1
699;749;1
700;750;1
701;751;1
702;752;1
703;753;1
704;754;1
705;755;1
706;756;1
707;757;1
708;758;1
709;759;1
710;760;1
711;761;1
712;762;1
713;763;1
714;764;1
715;765;1
716;766;1
717;767;1
718;768;1
719;769;1
720;770;1
721;771;1
722;772;1
723;773;1
724;774;1
725;775;1
726;776;1
727;777;1
728;778;1
729;779;1
730;780;1
731;781;1
732;782;1
733;51;2
734;52;2
735;53;2
736;54;2
737;55;2
738;56;2
739;57;2
740;58;2
741;59;2
742;60;2
743;61;2
744;62;2
745;63;2
746;64;2
747;65;2
748;66;2
749;67;2
750;68;2
751;69;2
752;70;2
753;71;2
754;72;2
755;73;2
756;74;2
757;75;2
758;76;2
759;77;2
760;78;2
761;79;2
762;80;2
763;81;2
764;82;2
765;83;2
766;84;2
767;85;2
768;86;2
769;87;2
770;88;2
771;89;2
772;90;2
773;91;2
774;92;2
775;93;2
776;94;2
777;95;2
778;96;2
779;97;2
780;98;2
781;99;2
782;100;2
783;101;2
784;102;2
785;103;2
786;104;2
787;105;2
789;107;2
790;108;2
791;109;2
792;110;2
793;111;2
794;112;2
795;113;2
796;114;2
797;115;2
798;116;2
799;117;2
800;118;2
801;119;2
802;120;2
803;121;2
804;122;2
805;123;2
806;124;2
807;125;2
808;126;2
809;127;2
810;128;2
811;129;2
812;130;2
813;131;2
814;132;2
815;133;2
816;134;2
817;135;2
818;136;2
819;137;2
820;138;2
821;139;2
822;140;2
823;141;2
824;142;2
825;143;2
826;144;2
827;145;2
828;146;2
829;147;2
830;148;2
831;149;2
832;150;2
833;151;2
834;152;2
835;153;2
836;154;2
837;155;2
838;156;2
839;157;2
840;158;2
841;159;2
842;160;2
843;161;2
844;162;2
845;163;2
846;164;2
847;165;2
848;166;2
849;167;2
850;168;2
851;169;2
852;170;2
853;171;2
854;172;2
855;173;2
856;174;2
857;175;2
859;177;2
860;178;2
861;179;2
862;180;2
863;181;2
864;182;2
865;183;2
866;184;2
867;185;2
868;186;2
869;187;2
870;188;2
871;189;2
872;190;2
873;191;2
874;192;2
875;193;2
876;194;2
877;195;2
878;196;2
879;197;2
880;198;2
881;199;2
882;200;2
883;201;2
884;202;2
885;203;2
886;204;2
887;205;2
888;206;2
889;207;2
890;208;2
891;209;2
892;210;2
893;211;2
894;212;2
895;213;2
896;214;2
898;216;2
899;217;2
900;218;2
901;219;2
902;220;2
903;221;2
904;222;2
905;223;2
906;224;2
907;225;2
908;226;2
909;227;2
910;228;2
911;229;2
912;230;2
913;231;2
914;232;2
915;233;2
916;234;2
917;235;2
918;236;2
919;237;2
920;238;2
921;239;2
922;240;2
923;241;2
924;242;2
925;243;2
926;244;2
927;245;2
928;246;2
929;247;2
930;248;2
931;249;2
932;250;2
933;251;2
934;252;2
935;253;2
936;254;2
937;255;2
938;256;2
939;257;2
940;258;2
941;259;2
942;260;2
943;261;2
944;262;2
945;263;2
946;264;2
947;265;2
948;266;2
949;267;2
950;268;2
951;269;2
952;270;2
953;271;2
954;272;2
955;273;2
956;274;2
957;275;2
958;276;2
959;277;2
960;278;2
961;279;2
962;280;2
963;281;2
964;282;2
965;283;2
966;284;2
967;285;2
968;286;2
969;287;2
970;288;2
971;289;2
972;290;2
973;291;2
974;292;2
975;293;2
976;294;2
977;295;2
978;296;2
979;297;2
980;298;2
981;299;2
982;300;2
983;301;2
984;302;2
985;303;2
986;304;2
987;305;2
988;306;2
989;307;2
990;308;2
991;309;2
992;310;2
993;311;2
994;312;2
995;313;2
996;314;2
997;315;2
998;316;2
999;317;2
1000;318;2
1001;319;2
1002;320;2
1003;321;2
1004;322;2
1005;323;2
1006;324;2
1007;325;2
1008;326;2
1009;327;2
1010;328;2
1011;329;2
1012;330;2
1013;331;2
1014;332;2
1015;333;2
1016;334;2
1017;335;2
1018;336;2
1019;337;2
1020;338;2
1021;339;2
1022;340;2
1023;341;2
1024;342;2
1025;343;2
1026;344;2
1027;345;2
1028;346;2
1029;347;2
1030;348;2
1031;349;2
1032;350;2
1033;351;2
1034;352;2
1035;353;2
1036;354;2
1037;355;2
1038;356;2
1039;357;2
1040;358;2
1041;359;2
1042;360;2
1043;361;2
1044;362;2
1045;363;2
1046;364;2
1047;365;2
1048;366;2
1049;367;2
1050;368;2
1051;369;2
1052;370;2
1053;371;2
1054;372;2
1055;373;2
1056;374;2
1057;375;2
1058;376;2
1059;377;2
1060;378;2
1061;379;2
1062;380;2
1063;381;2
1064;382;2
1065;383;2
1066;384;2
1067;385;2
1068;386;2
1069;387;2
1070;388;2
1071;389;2
1072;390;2
1073;391;2
1074;392;2
1075;393;2
1076;394;2
1077;395;2
1078;396;2
1079;397;2
1080;398;2
1081;399;2
1082;400;2
1083;401;2
1084;402;2
1085;403;2
1086;404;2
1087;405;2
1088;406;2
1089;407;2
1090;408;2
1091;409;2
1092;410;2
1093;411;2
1094;412;2
1095;413;2
1096;414;2
1097;415;2
1098;416;2
1099;417;2
1100;418;2
1101;419;2
1102;420;2
1103;421;2
1104;422;2
1105;423;2
1106;424;2
1107;425;2
1108;426;2
1109;427;2
1110;428;2
1111;429;2
1112;430;2
1113;431;2
1114;432;2
1115;433;2
1116;434;2
1117;435;2
1118;436;2
1119;437;2
1120;438;2
1121;439;2
1122;440;2
1123;441;2
1124;442;2
1125;443;2
1126;444;2
1127;445;2
1128;446;2
1129;447;2
1130;448;2
1131;449;2
1132;450;2
1133;451;2
1134;452;2
1136;454;2
1137;455;2
1138;456;2
1139;457;2
1140;458;2
1141;459;2
1142;460;2
1143;461;2
1144;462;2
1145;463;2
1146;464;2
1147;465;2
1148;466;2
1149;467;2
1150;468;2
1151;469;2
1152;470;2
1153;471;2
1154;472;2
1155;473;2
1156;474;2
1157;475;2
1158;476;2
1159;477;2
1160;478;2
1161;479;2
1162;480;2
1163;481;2
1164;482;2
1165;483;2
1166;484;2
1167;485;2
1168;486;2
1169;487;2
1171;489;2
1172;490;2
1173;491;2
1174;492;2
1175;493;2
1176;494;2
1177;495;2
1178;496;2
1179;497;2
1180;498;2
1181;499;2
1182;500;2
1183;501;2
1184;502;2
1185;503;2
1186;504;2
1187;505;2
1188;506;2
1189;507;2
1190;508;2
1191;509;2
1192;510;2
1193;511;2
1194;512;2
1195;513;2
1196;514;2
1197;515;2
1198;516;2
1199;517;2
1200;518;2
1201;519;2
1202;520;2
1203;521;2
1204;522;2
1205;523;2
1206;524;2
1207;525;2
1208;526;2
1209;527;2
1210;528;2
1211;529;2
1212;530;2
1213;531;2
1214;532;2
1215;533;2
1217;535;2
1218;536;2
1219;537;2
1220;538;2
1221;539;2
1222;540;2
1223;541;2
1224;542;2
1225;543;2
1226;544;2
1227;545;2
1228;546;2
1229;547;2
1230;548;2
1231;549;2
1232;550;2
1233;551;2
1234;552;2
1235;553;2
1236;554;2
1237;555;2
1238;556;2
1239;557;2
1240;558;2
1241;559;2
1242;560;2
1243;561;2
1244;562;2
1245;563;2
1246;564;2
1247;565;2
1248;566;2
1249;567;2
1250;568;2
1251;569;2
1252;570;2
1253;571;2
1254;572;2
1255;573;2
1256;574;2
1257;575;2
1258;576;2
1259;577;2
1260;578;2
1261;579;2
1262;580;2
1263;581;2
1264;582;2
1265;583;2
1266;584;2
1267;585;2
1268;586;2
1269;587;2
1270;588;2
1271;589;2
1272;590;2
1273;591;2
1274;592;2
1275;593;2
1276;594;2
1277;595;2
1278;596;2
1279;597;2
1280;598;2
1281;599;2
1282;600;2
1283;601;2
1284;602;2
1285;603;2
1286;604;2
1287;605;2
1288;606;2
1289;607;2
1290;608;2
1291;609;2
1292;610;2
1293;611;2
1294;612;2
1295;613;2
1296;614;2
1297;615;2
1299;617;2
1300;618;2
1301;619;2
1302;620;2
1303;621;2
1304;622;2
1305;623;2
1306;624;2
1307;625;2
1308;626;2
1309;627;2
1310;628;2
1311;629;2
1312;630;2
1313;631;2
1314;632;2
1315;633;2
1316;634;2
1317;635;2
1318;636;2
1319;637;2
1320;638;2
1321;639;2
1322;640;2
1323;641;2
1324;642;2
1325;643;2
1326;644;2
1328;646;2
1329;647;2
1330;648;2
1331;649;2
1332;650;2
1333;651;2
1334;652;2
1335;653;2
1336;654;2
1337;655;2
1338;656;2
1339;657;2
1340;658;2
1341;659;2
1342;660;2
1343;661;2
1344;662;2
1345;663;2
1346;664;2
1347;665;2
1348;666;2
1349;667;2
1350;668;2
1351;669;2
1352;670;2
1353;671;2
1354;672;2
1355;673;2
1356;674;2
1357;675;2
1358;676;2
1359;677;2
1360;678;2
1361;679;2
1362;680;2
1363;681;2
1364;682;2
1365;683;2
1366;684;2
1367;685;2
1368;686;2
1369;687;2
1370;688;2
1371;689;2
1372;690;2
1373;691;2
1374;692;2
1375;693;2
1376;694;2
1377;695;2
1378;696;2
1379;697;2
1380;698;2
1381;699;2
1382;700;2
1383;701;2
1384;702;2
1385;703;2
1386;704;2
1387;705;2
1388;706;2
1389;707;2
1390;708;2
1391;709;2
1392;710;2
1393;711;2
1394;712;2
1395;713;2
1396;714;2
1397;715;2
1398;716;2
1399;717;2
1400;718;2
1401;719;2
1402;720;2
1403;721;2
1404;722;2
1405;723;2
1406;724;2
1407;725;2
1408;726;2
1409;727;2
1410;728;2
1411;729;2
1412;730;2
1413;731;2
1414;732;2
1415;733;2
1416;734;2
1417;735;2
1418;736;2
1419;737;2
1420;738;2
1421;739;2
1422;740;2
1423;741;2
1424;742;2
1425;743;2
1426;744;2
1428;746;2
1429;747;2
1430;748;2
1431;749;2
1432;750;2
1433;751;2
1434;752;2
1435;753;2
1436;754;2
1437;755;2
1438;756;2
1439;757;2
1440;758;2
1441;759;2
1442;760;2
1443;761;2
1444;762;2
1445;763;2
1446;764;2
1447;765;2
1448;766;2
1449;767;2
1450;768;2
1451;769;2
1452;770;2
1453;771;2
1454;772;2
1455;773;2
1456;774;2
1457;775;2
1458;776;2
1459;777;2
1460;778;2
1461;779;2
1462;780;2
1463;781;2
1464;782;2
1465;51;3
1466;52;3
1467;53;3
1468;54;3
1469;55;3
1470;56;3
1471;57;3
1472;58;3
1473;59;3
1474;60;3
1475;61;3
1476;62;3
1477;63;3
1478;64;3
1479;65;3
1480;66;3
1481;67;3
1482;68;3
1483;69;3
1484;70;3
1485;71;3
1486;72;3
1487;73;3
1488;74;3
1489;75;3
1490;76;3
1491;77;3
1492;78;3
1493;79;3
1494;80;3
1495;81;3
1496;82;3
1497;83;3
1498;84;3
1499;85;3
1500;86;3
1501;87;3
1502;88;3
1503;89;3
1504;90;3
1505;91;3
1506;92;3
1507;93;3
1508;94;3
1509;95;3
1510;96;3
1511;97;3
1512;98;3
1513;99;3
1514;100;3
1515;101;3
1516;102;3
1517;103;3
1518;104;3
1519;105;3
1521;107;3
1522;108;3
1523;109;3
1524;110;3
1525;111;3
1526;112;3
1527;113;3
1528;114;3
1529;115;3
1530;116;3
1531;117;3
1532;118;3
1533;119;3
1534;120;3
1535;121;3
1536;122;3
1537;123;3
1538;124;3
1539;125;3
1540;126;3
1541;127;3
1542;128;3
1543;129;3
1544;130;3
1545;131;3
1546;132;3
1547;133;3
1548;134;3
1549;135;3
1550;136;3
1551;137;3
1552;138;3
1553;139;3
1554;140;3
1555;141;3
1556;142;3
1557;143;3
1558;144;3
1559;145;3
1560;146;3
1561;147;3
1562;148;3
1563;149;3
1564;150;3
1565;151;3
1566;152;3
1567;153;3
1568;154;3
1569;155;3
1570;156;3
1571;157;3
1572;158;3
1573;159;3
1574;160;3
1575;161;3
1576;162;3
1577;163;3
1578;164;3
1579;165;3
1580;166;3
1581;167;3
1582;168;3
1583;169;3
1584;170;3
1585;171;3
1586;172;3
1587;173;3
1588;174;3
1589;175;3
1591;177;3
1592;178;3
1593;179;3
1594;180;3
1595;181;3
1596;182;3
1597;183;3
1598;184;3
1599;185;3
1600;186;3
1601;187;3
1602;188;3
1603;189;3
1604;190;3
1605;191;3
1606;192;3
1607;193;3
1608;194;3
1609;195;3
1610;196;3
1611;197;3
1612;198;3
1613;199;3
1614;200;3
1615;201;3
1616;202;3
1617;203;3
1618;204;3
1619;205;3
1620;206;3
1621;207;3
1622;208;3
1623;209;3
1624;210;3
1625;211;3
1626;212;3
1627;213;3
1628;214;3
1630;216;3
1631;217;3
1632;218;3
1633;219;3
1634;220;3
1635;221;3
1636;222;3
1637;223;3
1638;224;3
1639;225;3
1640;226;3
1641;227;3
1642;228;3
1643;229;3
1644;230;3
1645;231;3
1646;232;3
1647;233;3
1648;234;3
1649;235;3
1650;236;3
1651;237;3
1652;238;3
1653;239;3
1654;240;3
1655;241;3
1656;242;3
1657;243;3
1658;244;3
1659;245;3
1660;246;3
1661;247;3
1662;248;3
1663;249;3
1664;250;3
1665;251;3
1666;252;3
1667;253;3
1668;254;3
1669;255;3
1670;256;3
1671;257;3
1672;258;3
1673;259;3
1674;260;3
1675;261;3
1676;262;3
1677;263;3
1678;264;3
1679;265;3
1680;266;3
1681;267;3
1682;268;3
1683;269;3
1684;270;3
1685;271;3
1686;272;3
1687;273;3
1688;274;3
1689;275;3
1690;276;3
1691;277;3
1692;278;3
1693;279;3
1694;280;3
1695;281;3
1696;282;3
1697;283;3
1698;284;3
1699;285;3
1700;286;3
1701;287;3
1702;288;3
1703;289;3
1704;290;3
1705;291;3
1706;292;3
1707;293;3
1708;294;3
1709;295;3
1710;296;3
1711;297;3
1712;298;3
1713;299;3
1714;300;3
1715;301;3
1716;302;3
1717;303;3
1718;304;3
1719;305;3
1720;306;3
1721;307;3
1722;308;3
1723;309;3
1724;310;3
1725;311;3
1726;312;3
1727;313;3
1728;314;3
1729;315;3
1730;316;3
1731;317;3
1732;318;3
1733;319;3
1734;320;3
1735;321;3
1736;322;3
1737;323;3
1738;324;3
1739;325;3
1740;326;3
1741;327;3
1742;328;3
1743;329;3
1744;330;3
1745;331;3
1746;332;3
1747;333;3
1748;334;3
1749;335;3
1750;336;3
1751;337;3
1752;338;3
1753;339;3
1754;340;3
1755;341;3
1756;342;3
1757;343;3
1758;344;3
1759;345;3
1760;346;3
1761;347;3
1762;348;3
1763;349;3
1764;350;3
1765;351;3
1766;352;3
1767;353;3
1768;354;3
1769;355;3
1770;356;3
1771;357;3
1772;358;3
1773;359;3
1774;360;3
1775;361;3
1776;362;3
1777;363;3
1778;364;3
1779;365;3
1780;366;3
1781;367;3
1782;368;3
1783;369;3
1784;370;3
1785;371;3
1786;372;3
1787;373;3
1788;374;3
1789;375;3
1790;376;3
1791;377;3
1792;378;3
1793;379;3
1794;380;3
1795;381;3
1796;382;3
1797;383;3
1798;384;3
1799;385;3
1800;386;3
1801;387;3
1802;388;3
1803;389;3
1804;390;3
1805;391;3
1806;392;3
1807;393;3
1808;394;3
1809;395;3
1810;396;3
1811;397;3
1812;398;3
1813;399;3
1814;400;3
1815;401;3
1816;402;3
1817;403;3
1818;404;3
1819;405;3
1820;406;3
1821;407;3
1822;408;3
1823;409;3
1824;410;3
1825;411;3
1826;412;3
1827;413;3
1828;414;3
1829;415;3
1830;416;3
1831;417;3
1832;418;3
1833;419;3
1834;420;3
1835;421;3
1836;422;3
1837;423;3
1838;424;3
1839;425;3
1840;426;3
1841;427;3
1842;428;3
1843;429;3
1844;430;3
1845;431;3
1846;432;3
1847;433;3
1848;434;3
1849;435;3
1850;436;3
1851;437;3
1852;438;3
1853;439;3
1854;440;3
1855;441;3
1856;442;3
1857;443;3
1858;444;3
1859;445;3
1860;446;3
1861;447;3
1862;448;3
1863;449;3
1864;450;3
1865;451;3
1866;452;3
1868;454;3
1869;455;3
1870;456;3
1871;457;3
1872;458;3
1873;459;3
1874;460;3
1875;461;3
1876;462;3
1877;463;3
1878;464;3
1879;465;3
1880;466;3
1881;467;3
1882;468;3
1883;469;3
1884;470;3
1885;471;3
1886;472;3
1887;473;3
1888;474;3
1889;475;3
1890;476;3
1891;477;3
1892;478;3
1893;479;3
1894;480;3
1895;481;3
1896;482;3
1897;483;3
1898;484;3
1899;485;3
1900;486;3
1901;487;3
1903;489;3
1904;490;3
1905;491;3
1906;492;3
1907;493;3
1908;494;3
1909;495;3
1910;496;3
1911;497;3
1912;498;3
1913;499;3
1914;500;3
1915;501;3
1916;502;3
1917;503;3
1918;504;3
1919;505;3
1920;506;3
1921;507;3
1922;508;3
1923;509;3
1924;510;3
1925;511;3
1926;512;3
1927;513;3
1928;514;3
1929;515;3
1930;516;3
1931;517;3
1932;518;3
1933;519;3
1934;520;3
1935;521;3
1936;522;3
1937;523;3
1938;524;3
1939;525;3
1940;526;3
1941;527;3
1942;528;3
1943;529;3
1944;530;3
1945;531;3
1946;532;3
1947;533;3
1949;535;3
1950;536;3
1951;537;3
1952;538;3
1953;539;3
1954;540;3
1955;541;3
1956;542;3
1957;543;3
1958;544;3
1959;545;3
1960;546;3
1961;547;3
1962;548;3
1963;549;3
1964;550;3
1965;551;3
1966;552;3
1967;553;3
1968;554;3
1969;555;3
1970;556;3
1971;557;3
1972;558;3
1973;559;3
1974;560;3
1975;561;3
1976;562;3
1977;563;3
1978;564;3
1979;565;3
1980;566;3
1981;567;3
1982;568;3
1983;569;3
1984;570;3
1985;571;3
1986;572;3
1987;573;3
1988;574;3
1989;575;3
1990;576;3
1991;577;3
1992;578;3
1993;579;3
1994;580;3
1995;581;3
1996;582;3
1997;583;3
1998;584;3
1999;585;3
2000;586;3
2001;587;3
2002;588;3
2003;589;3
2004;590;3
2005;591;3
2006;592;3
2007;593;3
2008;594;3
2009;595;3
2010;596;3
2011;597;3
2012;598;3
2013;599;3
2014;600;3
2015;601;3
2016;602;3
2017;603;3
2018;604;3
2019;605;3
2020;606;3
2021;607;3
2022;608;3
2023;609;3
2024;610;3
2025;611;3
2026;612;3
2027;613;3
2028;614;3
2029;615;3
2031;617;3
2032;618;3
2033;619;3
2034;620;3
2035;621;3
2036;622;3
2037;623;3
2038;624;3
2039;625;3
2040;626;3
2041;627;3
2042;628;3
2043;629;3
2044;630;3
2045;631;3
2046;632;3
2047;633;3
2048;634;3
2049;635;3
2050;636;3
2051;637;3
2052;638;3
2053;639;3
2054;640;3
2055;641;3
2056;642;3
2057;643;3
2058;644;3
2060;646;3
2061;647;3
2062;648;3
2063;649;3
2064;650;3
2065;651;3
2066;652;3
2067;653;3
2068;654;3
2069;655;3
2070;656;3
2071;657;3
2072;658;3
2073;659;3
2074;660;3
2075;661;3
2076;662;3
2077;663;3
2078;664;3
2079;665;3
2080;666;3
2081;667;3
2082;668;3
2083;669;3
2084;670;3
2085;671;3
2086;672;3
2087;673;3
2088;674;3
2089;675;3
2090;676;3
2091;677;3
2092;678;3
2093;679;3
2094;680;3
2095;681;3
2096;682;3
2097;683;3
2098;684;3
2099;685;3
2100;686;3
2101;687;3
2102;688;3
2103;689;3
2104;690;3
2105;691;3
2106;692;3
2107;693;3
2108;694;3
2109;695;3
2110;696;3
2111;697;3
2112;698;3
2113;699;3
2114;700;3
2115;701;3
2116;702;3
2117;703;3
2118;704;3
2119;705;3
2120;706;3
2121;707;3
2122;708;3
2123;709;3
2124;710;3
2125;711;3
2126;712;3
2127;713;3
2128;714;3
2129;715;3
2130;716;3
2131;717;3
2132;718;3
2133;719;3
2134;720;3
2135;721;3
2136;722;3
2137;723;3
2138;724;3
2139;725;3
2140;726;3
2141;727;3
2142;728;3
2143;729;3
2144;730;3
2145;731;3
2146;732;3
2147;733;3
2148;734;3
2149;735;3
2150;736;3
2151;737;3
2152;738;3
2153;739;3
2154;740;3
2155;741;3
2156;742;3
2157;743;3
2158;744;3
2160;746;3
2161;747;3
2162;748;3
2163;749;3
2164;750;3
2165;751;3
2166;752;3
2167;753;3
2168;754;3
2169;755;3
2170;756;3
2171;757;3
2172;758;3
2173;759;3
2174;760;3
2175;761;3
2176;762;3
2177;763;3
2178;764;3
2179;765;3
2180;766;3
2181;767;3
2182;768;3
2183;769;3
2184;770;3
2185;771;3
2186;772;3
2187;773;3
2188;774;3
2189;775;3
2190;776;3
2191;777;3
2192;778;3
2193;779;3
2194;780;3
2195;781;3
2196;782;3
2197;51;4
2198;52;4
2199;53;4
2200;54;4
2201;55;4
2202;56;4
2203;57;4
2204;58;4
2205;59;4
2206;60;4
2207;61;4
2208;62;4
2209;63;4
2210;64;4
2211;65;4
2212;66;4
2213;67;4
2214;68;4
2215;69;4
2216;70;4
2217;71;4
2218;72;4
2219;73;4
2220;74;4
2221;75;4
2222;76;4
2223;77;4
2224;78;4
2225;79;4
2226;80;4
2227;81;4
2228;82;4
2229;83;4
2230;84;4
2231;85;4
2232;86;4
2233;87;4
2234;88;4
2235;89;4
2236;90;4
2237;91;4
2238;92;4
2239;93;4
2240;94;4
2241;95;4
2242;96;4
2243;97;4
2244;98;4
2245;99;4
2246;100;4
2247;101;4
2248;102;4
2249;103;4
2250;104;4
2251;105;4
2253;107;4
2254;108;4
2255;109;4
2256;110;4
2257;111;4
2258;112;4
2259;113;4
2260;114;4
2261;115;4
2262;116;4
2263;117;4
2264;118;4
2265;119;4
2266;120;4
2267;121;4
2268;122;4
2269;123;4
2270;124;4
2271;125;4
2272;126;4
2273;127;4
2274;128;4
2275;129;4
2276;130;4
2277;131;4
2278;132;4
2279;133;4
2280;134;4
2281;135;4
2282;136;4
2283;137;4
2284;138;4
2285;139;4
2286;140;4
2287;141;4
2288;142;4
2289;143;4
2290;144;4
2291;145;4
2292;146;4
2293;147;4
2294;148;4
2295;149;4
2296;150;4
2297;151;4
2298;152;4
2299;153;4
2300;154;4
2301;155;4
2302;156;4
2303;157;4
2304;158;4
2305;159;4
2306;160;4
2307;161;4
2308;162;4
2309;163;4
2310;164;4
2311;165;4
2312;166;4
2313;167;4
2314;168;4
2315;169;4
2316;170;4
2317;171;4
2318;172;4
2319;173;4
2320;174;4
2321;175;4
2323;177;4
2324;178;4
2325;179;4
2326;180;4
2327;181;4
2328;182;4
2329;183;4
2330;184;4
2331;185;4
2332;186;4
2333;187;4
2334;188;4
2335;189;4
2336;190;4
2337;191;4
2338;192;4
2339;193;4
2340;194;4
2341;195;4
2342;196;4
2343;197;4
2344;198;4
2345;199;4
2346;200;4
2347;201;4
2348;202;4
2349;203;4
2350;204;4
2351;205;4
2352;206;4
2353;207;4
2354;208;4
2355;209;4
2356;210;4
2357;211;4
2358;212;4
2359;213;4
2360;214;4
2362;216;4
2363;217;4
2364;218;4
2365;219;4
2366;220;4
2367;221;4
2368;222;4
2369;223;4
2370;224;4
2371;225;4
2372;226;4
2373;227;4
2374;228;4
2375;229;4
2376;230;4
2377;231;4
2378;232;4
2379;233;4
2380;234;4
2381;235;4
2382;236;4
2383;237;4
2384;238;4
2385;239;4
2386;240;4
2387;241;4
2388;242;4
2389;243;4
2390;244;4
2391;245;4
2392;246;4
2393;247;4
2394;248;4
2395;249;4
2396;250;4
2397;251;4
2398;252;4
2399;253;4
2400;254;4
2401;255;4
2402;256;4
2403;257;4
2404;258;4
2405;259;4
2406;260;4
2407;261;4
2408;262;4
2409;263;4
2410;264;4
2411;265;4
2412;266;4
2413;267;4
2414;268;4
2415;269;4
2416;270;4
2417;271;4
2418;272;4
2419;273;4
2420;274;4
2421;275;4
2422;276;4
2423;277;4
2424;278;4
2425;279;4
2426;280;4
2427;281;4
2428;282;4
2429;283;4
2430;284;4
2431;285;4
2432;286;4
2433;287;4
2434;288;4
2435;289;4
2436;290;4
2437;291;4
2438;292;4
2439;293;4
2440;294;4
2441;295;4
2442;296;4
2443;297;4
2444;298;4
2445;299;4
2446;300;4
2447;301;4
2448;302;4
2449;303;4
2450;304;4
2451;305;4
2452;306;4
2453;307;4
2454;308;4
2455;309;4
2456;310;4
2457;311;4
2458;312;4
2459;313;4
2460;314;4
2461;315;4
2462;316;4
2463;317;4
2464;318;4
2465;319;4
2466;320;4
2467;321;4
2468;322;4
2469;323;4
2470;324;4
2471;325;4
2472;326;4
2473;327;4
2474;328;4
2475;329;4
2476;330;4
2477;331;4
2478;332;4
2479;333;4
2480;334;4
2481;335;4
2482;336;4
2483;337;4
2484;338;4
2485;339;4
2486;340;4
2487;341;4
2488;342;4
2489;343;4
2490;344;4
2491;345;4
2492;346;4
2493;347;4
2494;348;4
2495;349;4
2496;350;4
2497;351;4
2498;352;4
2499;353;4
2500;354;4
2501;355;4
2502;356;4
2503;357;4
2504;358;4
2505;359;4
2506;360;4
2507;361;4
2508;362;4
2509;363;4
2510;364;4
2511;365;4
2512;366;4
2513;367;4
2514;368;4
2515;369;4
2516;370;4
2517;371;4
2518;372;4
2519;373;4
2520;374;4
2521;375;4
2522;376;4
2523;377;4
2524;378;4
2525;379;4
2526;380;4
2527;381;4
2528;382;4
2529;383;4
2530;384;4
2531;385;4
2532;386;4
2533;387;4
2534;388;4
2535;389;4
2536;390;4
2537;391;4
2538;392;4
2539;393;4
2540;394;4
2541;395;4
2542;396;4
2543;397;4
2544;398;4
2545;399;4
2546;400;4
2547;401;4
2548;402;4
2549;403;4
2550;404;4
2551;405;4
2552;406;4
2553;407;4
2554;408;4
2555;409;4
2556;410;4
2557;411;4
2558;412;4
2559;413;4
2560;414;4
2561;415;4
2562;416;4
2563;417;4
2564;418;4
2565;419;4
2566;420;4
2567;421;4
2568;422;4
2569;423;4
2570;424;4
2571;425;4
2572;426;4
2573;427;4
2574;428;4
2575;429;4
2576;430;4
2577;431;4
2578;432;4
2579;433;4
2580;434;4
2581;435;4
2582;436;4
2583;437;4
2584;438;4
2585;439;4
2586;440;4
2587;441;4
2588;442;4
2589;443;4
2590;444;4
2591;445;4
2592;446;4
2593;447;4
2594;448;4
2595;449;4
2596;450;4
2597;451;4
2598;452;4
2600;454;4
2601;455;4
2602;456;4
2603;457;4
2604;458;4
2605;459;4
2606;460;4
2607;461;4
2608;462;4
2609;463;4
2610;464;4
2611;465;4
2612;466;4
2613;467;4
2614;468;4
2615;469;4
2616;470;4
2617;471;4
2618;472;4
2619;473;4
2620;474;4
2621;475;4
2622;476;4
2623;477;4
2624;478;4
2625;479;4
2626;480;4
2627;481;4
2628;482;4
2629;483;4
2630;484;4
2631;485;4
2632;486;4
2633;487;4
2635;489;4
2636;490;4
2637;491;4
2638;492;4
2639;493;4
2640;494;4
2641;495;4
2642;496;4
2643;497;4
2644;498;4
2645;499;4
2646;500;4
2647;501;4
2648;502;4
2649;503;4
2650;504;4
2651;505;4
2652;506;4
2653;507;4
2654;508;4
2655;509;4
2656;510;4
2657;511;4
2658;512;4
2659;513;4
2660;514;4
2661;515;4
2662;516;4
2663;517;4
2664;518;4
2665;519;4
2666;520;4
2667;521;4
2668;522;4
2669;523;4
2670;524;4
2671;525;4
2672;526;4
2673;527;4
2674;528;4
2675;529;4
2676;530;4
2677;531;4
2678;532;4
2679;533;4
2681;535;4
2682;536;4
2683;537;4
2684;538;4
2685;539;4
2686;540;4
2687;541;4
2688;542;4
2689;543;4
2690;544;4
2691;545;4
2692;546;4
2693;547;4
2694;548;4
2695;549;4
2696;550;4
2697;551;4
2698;552;4
2699;553;4
2700;554;4
2701;555;4
2702;556;4
2703;557;4
2704;558;4
2705;559;4
2706;560;4
2707;561;4
2708;562;4
2709;563;4
2710;564;4
2711;565;4
2712;566;4
2713;567;4
2714;568;4
2715;569;4
2716;570;4
2717;571;4
2718;572;4
2719;573;4
2720;574;4
2721;575;4
2722;576;4
2723;577;4
2724;578;4
2725;579;4
2726;580;4
2727;581;4
2728;582;4
2729;583;4
2730;584;4
2731;585;4
2732;586;4
2733;587;4
2734;588;4
2735;589;4
2736;590;4
2737;591;4
2738;592;4
2739;593;4
2740;594;4
2741;595;4
2742;596;4
2743;597;4
2744;598;4
2745;599;4
2746;600;4
2747;601;4
2748;602;4
2749;603;4
2750;604;4
2751;605;4
2752;606;4
2753;607;4
2754;608;4
2755;609;4
2756;610;4
2757;611;4
2758;612;4
2759;613;4
2760;614;4
2761;615;4
2763;617;4
2764;618;4
2765;619;4
2766;620;4
2767;621;4
2768;622;4
2769;623;4
2770;624;4
2771;625;4
2772;626;4
2773;627;4
2774;628;4
2775;629;4
2776;630;4
2777;631;4
2778;632;4
2779;633;4
2780;634;4
2781;635;4
2782;636;4
2783;637;4
2784;638;4
2785;639;4
2786;640;4
2787;641;4
2788;642;4
2789;643;4
2790;644;4
2792;646;4
2793;647;4
2794;648;4
2795;649;4
2796;650;4
2797;651;4
2798;652;4
2799;653;4
2800;654;4
2801;655;4
2802;656;4
2803;657;4
2804;658;4
2805;659;4
2806;660;4
2807;661;4
2808;662;4
2809;663;4
2810;664;4
2811;665;4
2812;666;4
2813;667;4
2814;668;4
2815;669;4
2816;670;4
2817;671;4
2818;672;4
2819;673;4
2820;674;4
2821;675;4
2822;676;4
2823;677;4
2824;678;4
2825;679;4
2826;680;4
2827;681;4
2828;682;4
2829;683;4
2830;684;4
2831;685;4
2832;686;4
2833;687;4
2834;688;4
2835;689;4
2836;690;4
2837;691;4
2838;692;4
2839;693;4
2840;694;4
2841;695;4
2842;696;4
2843;697;4
2844;698;4
2845;699;4
2846;700;4
2847;701;4
2848;702;4
2849;703;4
2850;704;4
2851;705;4
2852;706;4
2853;707;4
2854;708;4
2855;709;4
2856;710;4
2857;711;4
2858;712;4
2859;713;4
2860;714;4
2861;715;4
2862;716;4
2863;717;4
2864;718;4
2865;719;4
2866;720;4
2867;721;4
2868;722;4
2869;723;4
2870;724;4
2871;725;4
2872;726;4
2873;727;4
2874;728;4
2875;729;4
2876;730;4
2877;731;4
2878;732;4
2879;733;4
2880;734;4
2881;735;4
2882;736;4
2883;737;4
2884;738;4
2885;739;4
2886;740;4
2887;741;4
2888;742;4
2889;743;4
2890;744;4
2892;746;4
2893;747;4
2894;748;4
2895;749;4
2896;750;4
2897;751;4
2898;752;4
2899;753;4
2900;754;4
2901;755;4
2902;756;4
2903;757;4
2904;758;4
2905;759;4
2906;760;4
2907;761;4
2908;762;4
2909;763;4
2910;764;4
2911;765;4
2912;766;4
2913;767;4
2914;768;4
2915;769;4
2916;770;4
2917;771;4
2918;772;4
2919;773;4
2920;774;4
2921;775;4
2922;776;4
2923;777;4
2924;778;4
2925;779;4
2926;780;4
2927;781;4
2928;782;4
2929;51;5
2930;52;5
2931;53;5
2932;54;5
2933;55;5
2934;56;5
2935;57;5
2936;58;5
2937;59;5
2938;60;5
2939;61;5
2940;62;5
2941;63;5
2942;64;5
2943;65;5
2944;66;5
2945;67;5
2946;68;5
2947;69;5
2948;70;5
2949;71;5
2950;72;5
2951;73;5
2952;74;5
2953;75;5
2954;76;5
2955;77;5
2956;78;5
2957;79;5
2958;80;5
2959;81;5
2960;82;5
2961;83;5
2962;84;5
2963;85;5
2964;86;5
2965;87;5
2966;88;5
2967;89;5
2968;90;5
2969;91;5
2970;92;5
2971;93;5
2972;94;5
2973;95;5
2974;96;5
2975;97;5
2976;98;5
2977;99;5
2978;100;5
2979;101;5
2980;102;5
2981;103;5
2982;104;5
2983;105;5
2985;107;5
2986;108;5
2987;109;5
2988;110;5
2989;111;5
2990;112;5
2991;113;5
2992;114;5
2993;115;5
2994;116;5
2995;117;5
2996;118;5
2997;119;5
2998;120;5
2999;121;5
3000;122;5
3001;123;5
3002;124;5
3003;125;5
3004;126;5
3005;127;5
3006;128;5
3007;129;5
3008;130;5
3009;131;5
3010;132;5
3011;133;5
3012;134;5
3013;135;5
3014;136;5
3015;137;5
3016;138;5
3017;139;5
3018;140;5
3019;141;5
3020;142;5
3021;143;5
3022;144;5
3023;145;5
3024;146;5
3025;147;5
3026;148;5
3027;149;5
3028;150;5
3029;151;5
3030;152;5
3031;153;5
3032;154;5
3033;155;5
3034;156;5
3035;157;5
3036;158;5
3037;159;5
3038;160;5
3039;161;5
3040;162;5
3041;163;5
3042;164;5
3043;165;5
3044;166;5
3045;167;5
3046;168;5
3047;169;5
3048;170;5
3049;171;5
3050;172;5
3051;173;5
3052;174;5
3053;175;5
3055;177;5
3056;178;5
3057;179;5
3058;180;5
3059;181;5
3060;182;5
3061;183;5
3062;184;5
3063;185;5
3064;186;5
3065;187;5
3066;188;5
3067;189;5
3068;190;5
3069;191;5
3070;192;5
3071;193;5
3072;194;5
3073;195;5
3074;196;5
3075;197;5
3076;198;5
3077;199;5
3078;200;5
3079;201;5
3080;202;5
3081;203;5
3082;204;5
3083;205;5
3084;206;5
3085;207;5
3086;208;5
3087;209;5
3088;210;5
3089;211;5
3090;212;5
3091;213;5
3092;214;5
3094;216;5
3095;217;5
3096;218;5
3097;219;5
3098;220;5
3099;221;5
3100;222;5
3101;223;5
3102;224;5
3103;225;5
3104;226;5
3105;227;5
3106;228;5
3107;229;5
3108;230;5
3109;231;5
3110;232;5
3111;233;5
3112;234;5
3113;235;5
3114;236;5
3115;237;5
3116;238;5
3117;239;5
3118;240;5
3119;241;5
3120;242;5
3121;243;5
3122;244;5
3123;245;5
3124;246;5
3125;247;5
3126;248;5
3127;249;5
3128;250;5
3129;251;5
3130;252;5
3131;253;5
3132;254;5
3133;255;5
3134;256;5
3135;257;5
3136;258;5
3137;259;5
3138;260;5
3139;261;5
3140;262;5
3141;263;5
3142;264;5
3143;265;5
3144;266;5
3145;267;5
3146;268;5
3147;269;5
3148;270;5
3149;271;5
3150;272;5
3151;273;5
3152;274;5
3153;275;5
3154;276;5
3155;277;5
3156;278;5
3157;279;5
3158;280;5
3159;281;5
3160;282;5
3161;283;5
3162;284;5
3163;285;5
3164;286;5
3165;287;5
3166;288;5
3167;289;5
3168;290;5
3169;291;5
3170;292;5
3171;293;5
3172;294;5
3173;295;5
3174;296;5
3175;297;5
3176;298;5
3177;299;5
3178;300;5
3179;301;5
3180;302;5
3181;303;5
3182;304;5
3183;305;5
3184;306;5
3185;307;5
3186;308;5
3187;309;5
3188;310;5
3189;311;5
3190;312;5
3191;313;5
3192;314;5
3193;315;5
3194;316;5
3195;317;5
3196;318;5
3197;319;5
3198;320;5
3199;321;5
3200;322;5
3201;323;5
3202;324;5
3203;325;5
3204;326;5
3205;327;5
3206;328;5
3207;329;5
3208;330;5
3209;331;5
3210;332;5
3211;333;5
3212;334;5
3213;335;5
3214;336;5
3215;337;5
3216;338;5
3217;339;5
3218;340;5
3219;341;5
3220;342;5
3221;343;5
3222;344;5
3223;345;5
3224;346;5
3225;347;5
3226;348;5
3227;349;5
3228;350;5
3229;351;5
3230;352;5
3231;353;5
3232;354;5
3233;355;5
3234;356;5
3235;357;5
3236;358;5
3237;359;5
3238;360;5
3239;361;5
3240;362;5
3241;363;5
3242;364;5
3243;365;5
3244;366;5
3245;367;5
3246;368;5
3247;369;5
3248;370;5
3249;371;5
3250;372;5
3251;373;5
3252;374;5
3253;375;5
3254;376;5
3255;377;5
3256;378;5
3257;379;5
3258;380;5
3259;381;5
3260;382;5
3261;383;5
3262;384;5
3263;385;5
3264;386;5
3265;387;5
3266;388;5
3267;389;5
3268;390;5
3269;391;5
3270;392;5
3271;393;5
3272;394;5
3273;395;5
3274;396;5
3275;397;5
3276;398;5
3277;399;5
3278;400;5
3279;401;5
3280;402;5
3281;403;5
3282;404;5
3283;405;5
3284;406;5
3285;407;5
3286;408;5
3287;409;5
3288;410;5
3289;411;5
3290;412;5
3291;413;5
3292;414;5
3293;415;5
3294;416;5
3295;417;5
3296;418;5
3297;419;5
3298;420;5
3299;421;5
3300;422;5
3301;423;5
3302;424;5
3303;425;5
3304;426;5
3305;427;5
3306;428;5
3307;429;5
3308;430;5
3309;431;5
3310;432;5
3311;433;5
3312;434;5
3313;435;5
3314;436;5
3315;437;5
3316;438;5
3317;439;5
3318;440;5
3319;441;5
3320;442;5
3321;443;5
3322;444;5
3323;445;5
3324;446;5
3325;447;5
3326;448;5
3327;449;5
3328;450;5
3329;451;5
3330;452;5
3332;454;5
3333;455;5
3334;456;5
3335;457;5
3336;458;5
3337;459;5
3338;460;5
3339;461;5
3340;462;5
3341;463;5
3342;464;5
3343;465;5
3344;466;5
3345;467;5
3346;468;5
3347;469;5
3348;470;5
3349;471;5
3350;472;5
3351;473;5
3352;474;5
3353;475;5
3354;476;5
3355;477;5
3356;478;5
3357;479;5
3358;480;5
3359;481;5
3360;482;5
3361;483;5
3362;484;5
3363;485;5
3364;486;5
3365;487;5
3367;489;5
3368;490;5
3369;491;5
3370;492;5
3371;493;5
3372;494;5
3373;495;5
3374;496;5
3375;497;5
3376;498;5
3377;499;5
3378;500;5
3379;501;5
3380;502;5
3381;503;5
3382;504;5
3383;505;5
3384;506;5
3385;507;5
3386;508;5
3387;509;5
3388;510;5
3389;511;5
3390;512;5
3391;513;5
3392;514;5
3393;515;5
3394;516;5
3395;517;5
3396;518;5
3397;519;5
3398;520;5
3399;521;5
3400;522;5
3401;523;5
3402;524;5
3403;525;5
3404;526;5
3405;527;5
3406;528;5
3407;529;5
3408;530;5
3409;531;5
3410;532;5
3411;533;5
3413;535;5
3414;536;5
3415;537;5
3416;538;5
3417;539;5
3418;540;5
3419;541;5
3420;542;5
3421;543;5
3422;544;5
3423;545;5
3424;546;5
3425;547;5
3426;548;5
3427;549;5
3428;550;5
3429;551;5
3430;552;5
3431;553;5
3432;554;5
3433;555;5
3434;556;5
3435;557;5
3436;558;5
3437;559;5
3438;560;5
3439;561;5
3440;562;5
3441;563;5
3442;564;5
3443;565;5
3444;566;5
3445;567;5
3446;568;5
3447;569;5
3448;570;5
3449;571;5
3450;572;5
3451;573;5
3452;574;5
3453;575;5
3454;576;5
3455;577;5
3456;578;5
3457;579;5
3458;580;5
3459;581;5
3460;582;5
3461;583;5
3462;584;5
3463;585;5
3464;586;5
3465;587;5
3466;588;5
3467;589;5
3468;590;5
3469;591;5
3470;592;5
3471;593;5
3472;594;5
3473;595;5
3474;596;5
3475;597;5
3476;598;5
3477;599;5
3478;600;5
3479;601;5
3480;602;5
3481;603;5
3482;604;5
3483;605;5
3484;606;5
3485;607;5
3486;608;5
3487;609;5
3488;610;5
3489;611;5
3490;612;5
3491;613;5
3492;614;5
3493;615;5
3495;617;5
3496;618;5
3497;619;5
3498;620;5
3499;621;5
3500;622;5
3501;623;5
3502;624;5
3503;625;5
3504;626;5
3505;627;5
3506;628;5
3507;629;5
3508;630;5
3509;631;5
3510;632;5
3511;633;5
3512;634;5
3513;635;5
3514;636;5
3515;637;5
3516;638;5
3517;639;5
3518;640;5
3519;641;5
3520;642;5
3521;643;5
3522;644;5
3524;646;5
3525;647;5
3526;648;5
3527;649;5
3528;650;5
3529;651;5
3530;652;5
3531;653;5
3532;654;5
3533;655;5
3534;656;5
3535;657;5
3536;658;5
3537;659;5
3538;660;5
3539;661;5
3540;662;5
3541;663;5
3542;664;5
3543;665;5
3544;666;5
3545;667;5
3546;668;5
3547;669;5
3548;670;5
3549;671;5
3550;672;5
3551;673;5
3552;674;5
3553;675;5
3554;676;5
3555;677;5
3556;678;5
3557;679;5
3558;680;5
3559;681;5
3560;682;5
3561;683;5
3562;684;5
3563;685;5
3564;686;5
3565;687;5
3566;688;5
3567;689;5
3568;690;5
3569;691;5
3570;692;5
3571;693;5
3572;694;5
3573;695;5
3574;696;5
3575;697;5
3576;698;5
3577;699;5
3578;700;5
3579;701;5
3580;702;5
3581;703;5
3582;704;5
3583;705;5
3584;706;5
3585;707;5
3586;708;5
3587;709;5
3588;710;5
3589;711;5
3590;712;5
3591;713;5
3592;714;5
3593;715;5
3594;716;5
3595;717;5
3596;718;5
3597;719;5
3598;720;5
3599;721;5
3600;722;5
3601;723;5
3602;724;5
3603;725;5
3604;726;5
3605;727;5
3606;728;5
3607;729;5
3608;730;5
3609;731;5
3610;732;5
3611;733;5
3612;734;5
3613;735;5
3614;736;5
3615;737;5
3616;738;5
3617;739;5
3618;740;5
3619;741;5
3620;742;5
3621;743;5
3622;744;5
3624;746;5
3625;747;5
3626;748;5
3627;749;5
3628;750;5
3629;751;5
3630;752;5
3631;753;5
3632;754;5
3633;755;5
3634;756;5
3635;757;5
3636;758;5
3637;759;5
3638;760;5
3639;761;5
3640;762;5
3641;763;5
3642;764;5
3643;765;5
3644;766;5
3645;767;5
3646;768;5
3647;769;5
3648;770;5
3649;771;5
3650;772;5
3651;773;5
3652;774;5
3653;775;5
3654;776;5
3655;777;5
3656;778;5
3657;779;5
3658;780;5
3659;781;5
3660;782;5
3661;1233;1
3662;1234;1
3663;1235;1
3664;1236;1
3665;1237;1
3666;1238;1
3667;1239;1
3668;1240;1
3669;1241;1
3670;1242;1
3671;1243;1
3672;1244;1
3673;1245;1
3674;1246;1
3675;1247;1
3676;1248;1
3677;1249;1
3678;1250;1
3679;1251;1
3680;1252;1
3681;1253;1
3682;1254;1
3683;1255;1
3684;1256;1
3685;1257;1
3686;1258;1
3687;1259;1
3688;1260;1
3689;1261;1
3690;1262;1
3691;1263;1
3692;1264;1
3693;1265;1
3694;1266;1
3695;1267;1
3696;1268;1
3697;1269;1
3698;1270;1
3700;1272;1
3701;1273;1
3702;1274;1
3703;1275;1
3704;1276;1
3705;1277;1
3706;1278;1
3707;1279;1
3708;1280;1
3709;1281;1
3710;1282;1
3711;1283;1
3712;1284;1
3713;1285;1
3714;1286;1
3715;1287;1
3716;1288;1
3717;1289;1
3718;1290;1
3719;1291;1
3720;1292;1
3721;1293;1
3722;1294;1
3723;1295;1
3724;1296;1
3725;1297;1
3726;1298;1
3727;1299;1
3728;1300;1
3729;1301;1
3730;1302;1
3731;1303;1
3732;1304;1
3733;1305;1
3734;1306;1
3735;1307;1
3736;1308;1
3737;1309;1
3738;1310;1
3739;1311;1
3740;1312;1
3741;1313;1
3742;1314;1
3743;1315;1
3744;1316;1
3745;1317;1
3746;1318;1
3747;1319;1
3748;1320;1
3749;1321;1
3750;1322;1
3751;1323;1
3752;1324;1
3753;1325;1
3754;1326;1
3755;1327;1
3756;1328;1
3758;1330;1
3759;1331;1
3760;1333;1
3761;1334;1
3763;1336;1
3764;1338;1
3765;1339;1
3766;1340;1
3767;1341;1
3768;1342;1
3769;1343;1
3770;1344;1
3771;1345;1
3772;1346;1
3773;1348;1
3774;1349;1
3775;1350;1
3776;1351;1
3777;1352;1
3778;1353;1
3779;1354;1
3780;1355;1
3781;1356;1
3782;1357;1
3783;1358;1
3784;1359;1
3785;1360;1
3786;1361;1
3787;1362;1
3788;1363;1
3789;1364;1
3790;1365;1
3791;1366;1
3792;1367;1
3793;1368;1
3794;1369;1
3795;1370;1
3796;1371;1
3797;1372;1
3798;1373;1
3799;1374;1
3800;1375;1
3801;1376;1
3802;1377;1
3803;1378;1
3804;1379;1
3805;1380;1
3806;1381;1
3807;1382;1
3808;1332;1
3809;1337;1
3810;1347;1
3811;1233;2
3812;1234;2
3813;1235;2
3814;1236;2
3815;1237;2
3816;1238;2
3817;1239;2
3818;1240;2
3819;1241;2
3820;1242;2
3821;1243;2
3822;1244;2
3823;1245;2
3824;1246;2
3825;1247;2
3826;1248;2
3827;1249;2
3828;1250;2
3829;1251;2
3830;1252;2
3831;1253;2
3832;1254;2
3833;1255;2
3834;1256;2
3835;1257;2
3836;1258;2
3837;1259;2
3838;1260;2
3839;1261;2
3840;1262;2
3841;1263;2
3842;1264;2
3843;1265;2
3844;1266;2
3845;1267;2
3846;1268;2
3847;1269;2
3848;1270;2
3850;1272;2
3851;1273;2
3852;1274;2
3853;1275;2
3854;1276;2
3855;1277;2
3856;1278;2
3857;1279;2
3858;1280;2
3859;1281;2
3860;1282;2
3861;1283;2
3862;1284;2
3863;1285;2
3864;1286;2
3865;1287;2
3866;1288;2
3867;1289;2
3868;1290;2
3869;1291;2
3870;1292;2
3871;1293;2
3872;1294;2
3873;1295;2
3874;1296;2
3875;1297;2
3876;1298;2
3877;1299;2
3878;1300;2
3879;1301;2
3880;1302;2
3881;1303;2
3882;1304;2
3883;1305;2
3884;1306;2
3885;1307;2
3886;1308;2
3887;1309;2
3888;1310;2
3889;1311;2
3890;1312;2
3891;1313;2
3892;1314;2
3893;1315;2
3894;1316;2
3895;1317;2
3896;1318;2
3897;1319;2
3898;1320;2
3899;1321;2
3900;1322;2
3901;1323;2
3902;1324;2
3903;1325;2
3904;1326;2
3905;1327;2
3906;1328;2
3908;1330;2
3909;1331;2
3910;1333;2
3911;1334;2
3913;1336;2
3914;1338;2
3915;1339;2
3916;1340;2
3917;1341;2
3918;1342;2
3919;1343;2
3920;1344;2
3921;1345;2
3922;1346;2
3923;1348;2
3924;1349;2
3925;1350;2
3926;1351;2
3927;1352;2
3928;1353;2
3929;1354;2
3930;1355;2
3931;1356;2
3932;1357;2
3933;1358;2
3934;1359;2
3935;1360;2
3936;1361;2
3937;1362;2
3938;1363;2
3939;1364;2
3940;1365;2
3941;1366;2
3942;1367;2
3943;1368;2
3944;1369;2
3945;1370;2
3946;1371;2
3947;1372;2
3948;1373;2
3949;1374;2
3950;1375;2
3951;1376;2
3952;1377;2
3953;1378;2
3954;1379;2
3955;1380;2
3956;1381;2
3957;1382;2
3958;1332;2
3959;1337;2
3960;1347;2
3961;1233;3
3962;1234;3
3963;1235;3
3964;1236;3
3965;1237;3
3966;1238;3
3967;1239;3
3968;1240;3
3969;1241;3
3970;1242;3
3971;1243;3
3972;1244;3
3973;1245;3
3974;1246;3
3975;1247;3
3976;1248;3
3977;1249;3
3978;1250;3
3979;1251;3
3980;1252;3
3981;1253;3
3982;1254;3
3983;1255;3
3984;1256;3
3985;1257;3
3986;1258;3
3987;1259;3
3988;1260;3
3989;1261;3
3990;1262;3
3991;1263;3
3992;1264;3
3993;1265;3
3994;1266;3
3995;1267;3
3996;1268;3
3997;1269;3
3998;1270;3
4000;1272;3
4001;1273;3
4002;1274;3
4003;1275;3
4004;1276;3
4005;1277;3
4006;1278;3
4007;1279;3
4008;1280;3
4009;1281;3
4010;1282;3
4011;1283;3
4012;1284;3
4013;1285;3
4014;1286;3
4015;1287;3
4016;1288;3
4017;1289;3
4018;1290;3
4019;1291;3
4020;1292;3
4021;1293;3
4022;1294;3
4023;1295;3
4024;1296;3
4025;1297;3
4026;1298;3
4027;1299;3
4028;1300;3
4029;1301;3
4030;1302;3
4031;1303;3
4032;1304;3
4033;1305;3
4034;1306;3
4035;1307;3
4036;1308;3
4037;1309;3
4038;1310;3
4039;1311;3
4040;1312;3
4041;1313;3
4042;1314;3
4043;1315;3
4044;1316;3
4045;1317;3
4046;1318;3
4047;1319;3
4048;1320;3
4049;1321;3
4050;1322;3
4051;1323;3
4052;1324;3
4053;1325;3
4054;1326;3
4055;1327;3
4056;1328;3
4058;1330;3
4059;1331;3
4060;1333;3
4061;1334;3
4063;1336;3
4064;1338;3
4065;1339;3
4066;1340;3
4067;1341;3
4068;1342;3
4069;1343;3
4070;1344;3
4071;1345;3
4072;1346;3
4073;1348;3
4074;1349;3
4075;1350;3
4076;1351;3
4077;1352;3
4078;1353;3
4079;1354;3
4080;1355;3
4081;1356;3
4082;1357;3
4083;1358;3
4084;1359;3
4085;1360;3
4086;1361;3
4087;1362;3
4088;1363;3
4089;1364;3
4090;1365;3
4091;1366;3
4092;1367;3
4093;1368;3
4094;1369;3
4095;1370;3
4096;1371;3
4097;1372;3
4098;1373;3
4099;1374;3
4100;1375;3
4101;1376;3
4102;1377;3
4103;1378;3
4104;1379;3
4105;1380;3
4106;1381;3
4107;1382;3
4108;1332;3
4109;1337;3
4110;1347;3
4111;1233;4
4112;1234;4
4113;1235;4
4114;1236;4
4115;1237;4
4116;1238;4
4117;1239;4
4118;1240;4
4119;1241;4
4120;1242;4
4121;1243;4
4122;1244;4
4123;1245;4
4124;1246;4
4125;1247;4
4126;1248;4
4127;1249;4
4128;1250;4
4129;1251;4
4130;1252;4
4131;1253;4
4132;1254;4
4133;1255;4
4134;1256;4
4135;1257;4
4136;1258;4
4137;1259;4
4138;1260;4
4139;1261;4
4140;1262;4
4141;1263;4
4142;1264;4
4143;1265;4
4144;1266;4
4145;1267;4
4146;1268;4
4147;1269;4
4148;1270;4
4150;1272;4
4151;1273;4
4152;1274;4
4153;1275;4
4154;1276;4
4155;1277;4
4156;1278;4
4157;1279;4
4158;1280;4
4159;1281;4
4160;1282;4
4161;1283;4
4162;1284;4
4163;1285;4
4164;1286;4
4165;1287;4
4166;1288;4
4167;1289;4
4168;1290;4
4169;1291;4
4170;1292;4
4171;1293;4
4172;1294;4
4173;1295;4
4174;1296;4
4175;1297;4
4176;1298;4
4177;1299;4
4178;1300;4
4179;1301;4
4180;1302;4
4181;1303;4
4182;1304;4
4183;1305;4
4184;1306;4
4185;1307;4
4186;1308;4
4187;1309;4
4188;1310;4
4189;1311;4
4190;1312;4
4191;1313;4
4192;1314;4
4193;1315;4
4194;1316;4
4195;1317;4
4196;1318;4
4197;1319;4
4198;1320;4
4199;1321;4
4200;1322;4
4201;1323;4
4202;1324;4
4203;1325;4
4204;1326;4
4205;1327;4
4206;1328;4
4208;1330;4
4209;1331;4
4210;1333;4
4211;1334;4
4213;1336;4
4214;1338;4
4215;1339;4
4216;1340;4
4217;1341;4
4218;1342;4
4219;1343;4
4220;1344;4
4221;1345;4
4222;1346;4
4223;1348;4
4224;1349;4
4225;1350;4
4226;1351;4
4227;1352;4
4228;1353;4
4229;1354;4
4230;1355;4
4231;1356;4
4232;1357;4
4233;1358;4
4234;1359;4
4235;1360;4
4236;1361;4
4237;1362;4
4238;1363;4
4239;1364;4
4240;1365;4
4241;1366;4
4242;1367;4
4243;1368;4
4244;1369;4
4245;1370;4
4246;1371;4
4247;1372;4
4248;1373;4
4249;1374;4
4250;1375;4
4251;1376;4
4252;1377;4
4253;1378;4
4254;1379;4
4255;1380;4
4256;1381;4
4257;1382;4
4258;1332;4
4259;1337;4
4260;1347;4
4261;1233;5
4262;1234;5
4263;1235;5
4264;1236;5
4265;1237;5
4266;1238;5
4267;1239;5
4268;1240;5
4269;1241;5
4270;1242;5
4271;1243;5
4272;1244;5
4273;1245;5
4274;1246;5
4275;1247;5
4276;1248;5
4277;1249;5
4278;1250;5
4279;1251;5
4280;1252;5
4281;1253;5
4282;1254;5
4283;1255;5
4284;1256;5
4285;1257;5
4286;1258;5
4287;1259;5
4288;1260;5
4289;1261;5
4290;1262;5
4291;1263;5
4292;1264;5
4293;1265;5
4294;1266;5
4295;1267;5
4296;1268;5
4297;1269;5
4298;1270;5
4300;1272;5
4301;1273;5
4302;1274;5
4303;1275;5
4304;1276;5
4305;1277;5
4306;1278;5
4307;1279;5
4308;1280;5
4309;1281;5
4310;1282;5
4311;1283;5
4312;1284;5
4313;1285;5
4314;1286;5
4315;1287;5
4316;1288;5
4317;1289;5
4318;1290;5
4319;1291;5
4320;1292;5
4321;1293;5
4322;1294;5
4323;1295;5
4324;1296;5
4325;1297;5
4326;1298;5
4327;1299;5
4328;1300;5
4329;1301;5
4330;1302;5
4331;1303;5
4332;1304;5
4333;1305;5
4334;1306;5
4335;1307;5
4336;1308;5
4337;1309;5
4338;1310;5
4339;1311;5
4340;1312;5
4341;1313;5
4342;1314;5
4343;1315;5
4344;1316;5
4345;1317;5
4346;1318;5
4347;1319;5
4348;1320;5
4349;1321;5
4350;1322;5
4351;1323;5
4352;1324;5
4353;1325;5
4354;1326;5
4355;1327;5
4356;1328;5
4358;1330;5
4359;1331;5
4360;1333;5
4361;1334;5
4363;1336;5
4364;1338;5
4365;1339;5
4366;1340;5
4367;1341;5
4368;1342;5
4369;1343;5
4370;1344;5
4371;1345;5
4372;1346;5
4373;1348;5
4374;1349;5
4375;1350;5
4376;1351;5
4377;1352;5
4378;1353;5
4379;1354;5
4380;1355;5
4381;1356;5
4382;1357;5
4383;1358;5
4384;1359;5
4385;1360;5
4386;1361;5
4387;1362;5
4388;1363;5
4389;1364;5
4390;1365;5
4391;1366;5
4392;1367;5
4393;1368;5
4394;1369;5
4395;1370;5
4396;1371;5
4397;1372;5
4398;1373;5
4399;1374;5
4400;1375;5
4401;1376;5
4402;1377;5
4403;1378;5
4404;1379;5
4405;1380;5
4406;1381;5
4407;1382;5
4408;1332;5
4409;1337;5
4410;1347;5
4411;1;1
4412;2;1
4413;3;1
4414;4;1
4415;5;1
4416;6;1
4417;7;1
4418;8;1
4419;9;1
4420;10;1
4421;11;1
4422;12;1
4423;13;1
4424;14;1
4425;15;1
4426;16;1
4427;17;1
4428;18;1
4429;19;1
4430;20;1
4431;21;1
4432;22;1
4433;23;1
4434;24;1
4435;25;1
4436;26;1
4437;27;1
4438;28;1
4439;29;1
4440;30;1
4441;31;1
4442;32;1
4443;33;1
4444;34;1
4445;35;1
4446;36;1
4447;37;1
4448;38;1
4449;39;1
4450;40;1
4451;41;1
4452;42;1
4453;43;1
4454;44;1
4455;45;1
4456;46;1
4458;48;1
4459;49;1
4460;50;1
4461;1;2
4462;2;2
4463;3;2
4464;4;2
4465;5;2
4466;6;2
4467;7;2
4468;8;2
4469;9;2
4470;10;2
4471;11;2
4472;12;2
4473;13;2
4474;14;2
4475;15;2
4476;16;2
4477;17;2
4478;18;2
4479;19;2
4480;20;2
4481;21;2
4482;22;2
4483;23;2
4484;24;2
4485;25;2
4486;26;2
4487;27;2
4488;28;2
4489;29;2
4490;30;2
4491;31;2
4492;32;2
4493;33;2
4494;34;2
4495;35;2
4496;36;2
4497;37;2
4498;38;2
4499;39;2
4500;40;2
4501;41;2
4502;42;2
4503;43;2
4504;44;2
4505;45;2
4506;46;2
4508;48;2
4509;49;2
4510;50;2
4511;1;3
4512;2;3
4513;3;3
4514;4;3
4515;5;3
4516;6;3
4517;7;3
4518;8;3
4519;9;3
4520;10;3
4521;11;3
4522;12;3
4523;13;3
4524;14;3
4525;15;3
4526;16;3
4527;17;3
4528;18;3
4529;19;3
4530;20;3
4531;21;3
4532;22;3
4533;23;3
4534;24;3
4535;25;3
4536;26;3
4537;27;3
4538;28;3
4539;29;3
4540;30;3
4541;31;3
4542;32;3
4543;33;3
4544;34;3
4545;35;3
4546;36;3
4547;37;3
4548;38;3
4549;39;3
4550;40;3
4551;41;3
4552;42;3
4553;43;3
4554;44;3
4555;45;3
4556;46;3
4558;48;3
4559;49;3
4560;50;3
4561;1;4
4562;2;4
4563;3;4
4564;4;4
4565;5;4
4566;6;4
4567;7;4
4568;8;4
4569;9;4
4570;10;4
4571;11;4
4572;12;4
4573;13;4
4574;14;4
4575;15;4
4576;16;4
4577;17;4
4578;18;4
4579;19;4
4580;20;4
4581;21;4
4582;22;4
4583;23;4
4584;24;4
4585;25;4
4586;26;4
4587;27;4
4588;28;4
4589;29;4
4590;30;4
4591;31;4
4592;32;4
4593;33;4
4594;34;4
4595;35;4
4596;36;4
4597;37;4
4598;38;4
4599;39;4
4600;40;4
4601;41;4
4602;42;4
4603;43;4
4604;44;4
4605;45;4
4606;46;4
4608;48;4
4609;49;4
4610;50;4
4611;1;5
4612;2;5
4613;3;5
4614;4;5
4615;5;5
4616;6;5
4617;7;5
4618;8;5
4619;9;5
4620;10;5
4621;11;5
4622;12;5
4623;13;5
4624;14;5
4625;15;5
4626;16;5
4627;17;5
4628;18;5
4629;19;5
4630;20;5
4631;21;5
4632;22;5
4633;23;5
4634;24;5
4635;25;5
4636;26;5
4637;27;5
4638;28;5
4639;29;5
4640;30;5
4641;31;5
4642;32;5
4643;33;5
4644;34;5
4645;35;5
4646;36;5
4647;37;5
4648;38;5
4649;39;5
4650;40;5
4651;41;5
4652;42;5
4653;43;5
4654;44;5
4655;45;5
4656;46;5
4658;48;5
4659;49;5
4660;50;5
4661;983;1
4662;984;1
4663;985;1
4664;986;1
4665;987;1
4666;988;1
4667;989;1
4668;990;1
4669;991;1
4670;992;1
4671;993;1
4672;994;1
4673;995;1
4674;996;1
4675;997;1
4676;998;1
4677;999;1
4678;1000;1
4679;1001;1
4680;1002;1
4681;1003;1
4682;1004;1
4683;1005;1
4684;1006;1
4685;1007;1
4686;1008;1
4687;1009;1
4688;1010;1
4689;1011;1
4690;1012;1
4691;1013;1
4693;1015;1
4694;1016;1
4695;1017;1
4696;1018;1
4697;1019;1
4698;1020;1
4699;1021;1
4700;1022;1
4701;1023;1
4702;1024;1
4703;1025;1
4704;1026;1
4705;1027;1
4706;1028;1
4707;1029;1
4708;1030;1
4709;1031;1
4710;1032;1
4712;1034;1
4713;1035;1
4714;1036;1
4715;1037;1
4716;1038;1
4717;1039;1
4718;1040;1
4719;1041;1
4720;1042;1
4721;1043;1
4722;1044;1
4723;1045;1
4724;1046;1
4725;1047;1
4726;1048;1
4727;1049;1
4728;1050;1
4729;1051;1
4730;1052;1
4731;1053;1
4732;1054;1
4733;1055;1
4734;1056;1
4735;1057;1
4736;1058;1
4737;1059;1
4738;1060;1
4739;1061;1
4740;1062;1
4741;1063;1
4742;1064;1
4743;1065;1
4744;1066;1
4745;1067;1
4746;1068;1
4747;1069;1
4748;1070;1
4749;1071;1
4750;1072;1
4751;1073;1
4752;1074;1
4753;1075;1
4754;1076;1
4755;1077;1
4756;1078;1
4757;1079;1
4758;1080;1
4759;1081;1
4760;1082;1
4761;1083;1
4762;1084;1
4763;1085;1
4764;1086;1
4765;1087;1
4766;1088;1
4767;1089;1
4768;1090;1
4769;1091;1
4770;1092;1
4771;1093;1
4772;1094;1
4773;1095;1
4774;1096;1
4775;1097;1
4776;1098;1
4777;1099;1
4778;1100;1
4779;1101;1
4780;1102;1
4781;1103;1
4782;1104;1
4783;1105;1
4785;1107;1
4786;1108;1
4787;1109;1
4788;1110;1
4789;1111;1
4790;1112;1
4791;1113;1
4792;1114;1
4793;1115;1
4794;1116;1
4795;1117;1
4796;1118;1
4797;1119;1
4798;1120;1
4799;1121;1
4800;1122;1
4801;1123;1
4802;1124;1
4803;1125;1
4804;1126;1
4805;1127;1
4806;1128;1
4807;1129;1
4808;1130;1
4809;1131;1
4810;1132;1
4811;1133;1
4812;1134;1
4813;1135;1
4814;1136;1
4815;1137;1
4816;1138;1
4817;1139;1
4818;1140;1
4819;1141;1
4820;1142;1
4821;1143;1
4822;1144;1
4823;1145;1
4824;1146;1
4825;1147;1
4826;1148;1
4827;1149;1
4828;1150;1
4829;1151;1
4830;1152;1
4831;1153;1
4832;1154;1
4833;1155;1
4834;1156;1
4835;1157;1
4836;1158;1
4837;1159;1
4838;1160;1
4839;1161;1
4841;1163;1
4842;1164;1
4843;1165;1
4844;1166;1
4845;1167;1
4846;1168;1
4847;1169;1
4848;1170;1
4849;1171;1
4850;1172;1
4851;1173;1
4852;1174;1
4853;1175;1
4854;1176;1
4855;1177;1
4856;1178;1
4857;1179;1
4858;1180;1
4859;1181;1
4860;1182;1
4861;1183;1
4862;1184;1
4863;1185;1
4865;1187;1
4866;1188;1
4867;1189;1
4868;1190;1
4869;1191;1
4870;1192;1
4871;1193;1
4872;1194;1
4873;1195;1
4874;1196;1
4875;1197;1
4876;1198;1
4877;1199;1
4878;1200;1
4879;1201;1
4880;1202;1
4881;1203;1
4882;1204;1
4883;1205;1
4884;1206;1
4885;1207;1
4886;1208;1
4887;1209;1
4888;1210;1
4889;1211;1
4890;1212;1
4891;1213;1
4892;1214;1
4893;1215;1
4894;1216;1
4895;1217;1
4896;1218;1
4897;1219;1
4898;1220;1
4899;1221;1
4900;1222;1
4901;1223;1
4902;1224;1
4903;1225;1
4904;1226;1
4905;1227;1
4906;1228;1
4907;1229;1
4908;1230;1
4909;1231;1
4910;1232;1
4911;983;2
4912;984;2
4913;985;2
4914;986;2
4915;987;2
4916;988;2
4917;989;2
4918;990;2
4919;991;2
4920;992;2
4921;993;2
4922;994;2
4923;995;2
4924;996;2
4925;997;2
4926;998;2
4927;999;2
4928;1000;2
4929;1001;2
4930;1002;2
4931;1003;2
4932;1004;2
4933;1005;2
4934;1006;2
4935;1007;2
4936;1008;2
4937;1009;2
4938;1010;2
4939;1011;2
4940;1012;2
4941;1013;2
4943;1015;2
4944;1016;2
4945;1017;2
4946;1018;2
4947;1019;2
4948;1020;2
4949;1021;2
4950;1022;2
4951;1023;2
4952;1024;2
4953;1025;2
4954;1026;2
4955;1027;2
4956;1028;2
4957;1029;2
4958;1030;2
4959;1031;2
4960;1032;2
4962;1034;2
4963;1035;2
4964;1036;2
4965;1037;2
4966;1038;2
4967;1039;2
4968;1040;2
4969;1041;2
4970;1042;2
4971;1043;2
4972;1044;2
4973;1045;2
4974;1046;2
4975;1047;2
4976;1048;2
4977;1049;2
4978;1050;2
4979;1051;2
4980;1052;2
4981;1053;2
4982;1054;2
4983;1055;2
4984;1056;2
4985;1057;2
4986;1058;2
4987;1059;2
4988;1060;2
4989;1061;2
4990;1062;2
4991;1063;2
4992;1064;2
4993;1065;2
4994;1066;2
4995;1067;2
4996;1068;2
4997;1069;2
4998;1070;2
4999;1071;2
5000;1072;2
5001;1073;2
5002;1074;2
5003;1075;2
5004;1076;2
5005;1077;2
5006;1078;2
5007;1079;2
5008;1080;2
5009;1081;2
5010;1082;2
5011;1083;2
5012;1084;2
5013;1085;2
5014;1086;2
5015;1087;2
5016;1088;2
5017;1089;2
5018;1090;2
5019;1091;2
5020;1092;2
5021;1093;2
5022;1094;2
5023;1095;2
5024;1096;2
5025;1097;2
5026;1098;2
5027;1099;2
5028;1100;2
5029;1101;2
5030;1102;2
5031;1103;2
5032;1104;2
5033;1105;2
5035;1107;2
5036;1108;2
5037;1109;2
5038;1110;2
5039;1111;2
5040;1112;2
5041;1113;2
5042;1114;2
5043;1115;2
5044;1116;2
5045;1117;2
5046;1118;2
5047;1119;2
5048;1120;2
5049;1121;2
5050;1122;2
5051;1123;2
5052;1124;2
5053;1125;2
5054;1126;2
5055;1127;2
5056;1128;2
5057;1129;2
5058;1130;2
5059;1131;2
5060;1132;2
5061;1133;2
5062;1134;2
5063;1135;2
5064;1136;2
5065;1137;2
5066;1138;2
5067;1139;2
5068;1140;2
5069;1141;2
5070;1142;2
5071;1143;2
5072;1144;2
5073;1145;2
5074;1146;2
5075;1147;2
5076;1148;2
5077;1149;2
5078;1150;2
5079;1151;2
5080;1152;2
5081;1153;2
5082;1154;2
5083;1155;2
5084;1156;2
5085;1157;2
5086;1158;2
5087;1159;2
5088;1160;2
5089;1161;2
5091;1163;2
5092;1164;2
5093;1165;2
5094;1166;2
5095;1167;2
5096;1168;2
5097;1169;2
5098;1170;2
5099;1171;2
5100;1172;2
5101;1173;2
5102;1174;2
5103;1175;2
5104;1176;2
5105;1177;2
5106;1178;2
5107;1179;2
5108;1180;2
5109;1181;2
5110;1182;2
5111;1183;2
5112;1184;2
5113;1185;2
5115;1187;2
5116;1188;2
5117;1189;2
5118;1190;2
5119;1191;2
5120;1192;2
5121;1193;2
5122;1194;2
5123;1195;2
5124;1196;2
5125;1197;2
5126;1198;2
5127;1199;2
5128;1200;2
5129;1201;2
5130;1202;2
5131;1203;2
5132;1204;2
5133;1205;2
5134;1206;2
5135;1207;2
5136;1208;2
5137;1209;2
5138;1210;2
5139;1211;2
5140;1212;2
5141;1213;2
5142;1214;2
5143;1215;2
5144;1216;2
5145;1217;2
5146;1218;2
5147;1219;2
5148;1220;2
5149;1221;2
5150;1222;2
5151;1223;2
5152;1224;2
5153;1225;2
5154;1226;2
5155;1227;2
5156;1228;2
5157;1229;2
5158;1230;2
5159;1231;2
5160;1232;2
5161;983;3
5162;984;3
5163;985;3
5164;986;3
5165;987;3
5166;988;3
5167;989;3
5168;990;3
5169;991;3
5170;992;3
5171;993;3
5172;994;3
5173;995;3
5174;996;3
5175;997;3
5176;998;3
5177;999;3
5178;1000;3
5179;1001;3
5180;1002;3
5181;1003;3
5182;1004;3
5183;1005;3
5184;1006;3
5185;1007;3
5186;1008;3
5187;1009;3
5188;1010;3
5189;1011;3
5190;1012;3
5191;1013;3
5193;1015;3
5194;1016;3
5195;1017;3
5196;1018;3
5197;1019;3
5198;1020;3
5199;1021;3
5200;1022;3
5201;1023;3
5202;1024;3
5203;1025;3
5204;1026;3
5205;1027;3
5206;1028;3
5207;1029;3
5208;1030;3
5209;1031;3
5210;1032;3
5212;1034;3
5213;1035;3
5214;1036;3
5215;1037;3
5216;1038;3
5217;1039;3
5218;1040;3
5219;1041;3
5220;1042;3
5221;1043;3
5222;1044;3
5223;1045;3
5224;1046;3
5225;1047;3
5226;1048;3
5227;1049;3
5228;1050;3
5229;1051;3
5230;1052;3
5231;1053;3
5232;1054;3
5233;1055;3
5234;1056;3
5235;1057;3
5236;1058;3
5237;1059;3
5238;1060;3
5239;1061;3
5240;1062;3
5241;1063;3
5242;1064;3
5243;1065;3
5244;1066;3
5245;1067;3
5246;1068;3
5247;1069;3
5248;1070;3
5249;1071;3
5250;1072;3
5251;1073;3
5252;1074;3
5253;1075;3
5254;1076;3
5255;1077;3
5256;1078;3
5257;1079;3
5258;1080;3
5259;1081;3
5260;1082;3
5261;1083;3
5262;1084;3
5263;1085;3
5264;1086;3
5265;1087;3
5266;1088;3
5267;1089;3
5268;1090;3
5269;1091;3
5270;1092;3
5271;1093;3
5272;1094;3
5273;1095;3
5274;1096;3
5275;1097;3
5276;1098;3
5277;1099;3
5278;1100;3
5279;1101;3
5280;1102;3
5281;1103;3
5282;1104;3
5283;1105;3
5285;1107;3
5286;1108;3
5287;1109;3
5288;1110;3
5289;1111;3
5290;1112;3
5291;1113;3
5292;1114;3
5293;1115;3
5294;1116;3
5295;1117;3
5296;1118;3
5297;1119;3
5298;1120;3
5299;1121;3
5300;1122;3
5301;1123;3
5302;1124;3
5303;1125;3
5304;1126;3
5305;1127;3
5306;1128;3
5307;1129;3
5308;1130;3
5309;1131;3
5310;1132;3
5311;1133;3
5312;1134;3
5313;1135;3
5314;1136;3
5315;1137;3
5316;1138;3
5317;1139;3
5318;1140;3
5319;1141;3
5320;1142;3
5321;1143;3
5322;1144;3
5323;1145;3
5324;1146;3
5325;1147;3
5326;1148;3
5327;1149;3
5328;1150;3
5329;1151;3
5330;1152;3
5331;1153;3
5332;1154;3
5333;1155;3
5334;1156;3
5335;1157;3
5336;1158;3
5337;1159;3
5338;1160;3
5339;1161;3
5341;1163;3
5342;1164;3
5343;1165;3
5344;1166;3
5345;1167;3
5346;1168;3
5347;1169;3
5348;1170;3
5349;1171;3
5350;1172;3
5351;1173;3
5352;1174;3
5353;1175;3
5354;1176;3
5355;1177;3
5356;1178;3
5357;1179;3
5358;1180;3
5359;1181;3
5360;1182;3
5361;1183;3
5362;1184;3
5363;1185;3
5365;1187;3
5366;1188;3
5367;1189;3
5368;1190;3
5369;1191;3
5370;1192;3
5371;1193;3
5372;1194;3
5373;1195;3
5374;1196;3
5375;1197;3
5376;1198;3
5377;1199;3
5378;1200;3
5379;1201;3
5380;1202;3
5381;1203;3
5382;1204;3
5383;1205;3
5384;1206;3
5385;1207;3
5386;1208;3
5387;1209;3
5388;1210;3
5389;1211;3
5390;1212;3
5391;1213;3
5392;1214;3
5393;1215;3
5394;1216;3
5395;1217;3
5396;1218;3
5397;1219;3
5398;1220;3
5399;1221;3
5400;1222;3
5401;1223;3
5402;1224;3
5403;1225;3
5404;1226;3
5405;1227;3
5406;1228;3
5407;1229;3
5408;1230;3
5409;1231;3
5410;1232;3
5411;983;4
5412;984;4
5413;985;4
5414;986;4
5415;987;4
5416;988;4
5417;989;4
5418;990;4
5419;991;4
5420;992;4
5421;993;4
5422;994;4
5423;995;4
5424;996;4
5425;997;4
5426;998;4
5427;999;4
5428;1000;4
5429;1001;4
5430;1002;4
5431;1003;4
5432;1004;4
5433;1005;4
5434;1006;4
5435;1007;4
5436;1008;4
5437;1009;4
5438;1010;4
5439;1011;4
5440;1012;4
5441;1013;4
5443;1015;4
5444;1016;4
5445;1017;4
5446;1018;4
5447;1019;4
5448;1020;4
5449;1021;4
5450;1022;4
5451;1023;4
5452;1024;4
5453;1025;4
5454;1026;4
5455;1027;4
5456;1028;4
5457;1029;4
5458;1030;4
5459;1031;4
5460;1032;4
5462;1034;4
5463;1035;4
5464;1036;4
5465;1037;4
5466;1038;4
5467;1039;4
5468;1040;4
5469;1041;4
5470;1042;4
5471;1043;4
5472;1044;4
5473;1045;4
5474;1046;4
5475;1047;4
5476;1048;4
5477;1049;4
5478;1050;4
5479;1051;4
5480;1052;4
5481;1053;4
5482;1054;4
5483;1055;4
5484;1056;4
5485;1057;4
5486;1058;4
5487;1059;4
5488;1060;4
5489;1061;4
5490;1062;4
5491;1063;4
5492;1064;4
5493;1065;4
5494;1066;4
5495;1067;4
5496;1068;4
5497;1069;4
5498;1070;4
5499;1071;4
5500;1072;4
5501;1073;4
5502;1074;4
5503;1075;4
5504;1076;4
5505;1077;4
5506;1078;4
5507;1079;4
5508;1080;4
5509;1081;4
5510;1082;4
5511;1083;4
5512;1084;4
5513;1085;4
5514;1086;4
5515;1087;4
5516;1088;4
5517;1089;4
5518;1090;4
5519;1091;4
5520;1092;4
5521;1093;4
5522;1094;4
5523;1095;4
5524;1096;4
5525;1097;4
5526;1098;4
5527;1099;4
5528;1100;4
5529;1101;4
5530;1102;4
5531;1103;4
5532;1104;4
5533;1105;4
5535;1107;4
5536;1108;4
5537;1109;4
5538;1110;4
5539;1111;4
5540;1112;4
5541;1113;4
5542;1114;4
5543;1115;4
5544;1116;4
5545;1117;4
5546;1118;4
5547;1119;4
5548;1120;4
5549;1121;4
5550;1122;4
5551;1123;4
5552;1124;4
5553;1125;4
5554;1126;4
5555;1127;4
5556;1128;4
5557;1129;4
5558;1130;4
5559;1131;4
5560;1132;4
5561;1133;4
5562;1134;4
5563;1135;4
5564;1136;4
5565;1137;4
5566;1138;4
5567;1139;4
5568;1140;4
5569;1141;4
5570;1142;4
5571;1143;4
5572;1144;4
5573;1145;4
5574;1146;4
5575;1147;4
5576;1148;4
5577;1149;4
5578;1150;4
5579;1151;4
5580;1152;4
5581;1153;4
5582;1154;4
5583;1155;4
5584;1156;4
5585;1157;4
5586;1158;4
5587;1159;4
5588;1160;4
5589;1161;4
5591;1163;4
5592;1164;4
5593;1165;4
5594;1166;4
5595;1167;4
5596;1168;4
5597;1169;4
5598;1170;4
5599;1171;4
5600;1172;4
5601;1173;4
5602;1174;4
5603;1175;4
5604;1176;4
5605;1177;4
5606;1178;4
5607;1179;4
5608;1180;4
5609;1181;4
5610;1182;4
5611;1183;4
5612;1184;4
5613;1185;4
5615;1187;4
5616;1188;4
5617;1189;4
5618;1190;4
5619;1191;4
5620;1192;4
5621;1193;4
5622;1194;4
5623;1195;4
5624;1196;4
5625;1197;4
5626;1198;4
5627;1199;4
5628;1200;4
5629;1201;4
5630;1202;4
5631;1203;4
5632;1204;4
5633;1205;4
5634;1206;4
5635;1207;4
5636;1208;4
5637;1209;4
5638;1210;4
5639;1211;4
5640;1212;4
5641;1213;4
5642;1214;4
5643;1215;4
5644;1216;4
5645;1217;4
5646;1218;4
5647;1219;4
5648;1220;4
5649;1221;4
5650;1222;4
5651;1223;4
5652;1224;4
5653;1225;4
5654;1226;4
5655;1227;4
5656;1228;4
5657;1229;4
5658;1230;4
5659;1231;4
5660;1232;4
5661;983;5
5662;984;5
5663;985;5
5664;986;5
5665;987;5
5666;988;5
5667;989;5
5668;990;5
5669;991;5
5670;992;5
5671;993;5
5672;994;5
5673;995;5
5674;996;5
5675;997;5
5676;998;5
5677;999;5
5678;1000;5
5679;1001;5
5680;1002;5
5681;1003;5
5682;1004;5
5683;1005;5
5684;1006;5
5685;1007;5
5686;1008;5
5687;1009;5
5688;1010;5
5689;1011;5
5690;1012;5
5691;1013;5
5693;1015;5
5694;1016;5
5695;1017;5
5696;1018;5
5697;1019;5
5698;1020;5
5699;1021;5
5700;1022;5
5701;1023;5
5702;1024;5
5703;1025;5
5704;1026;5
5705;1027;5
5706;1028;5
5707;1029;5
5708;1030;5
5709;1031;5
5710;1032;5
5712;1034;5
5713;1035;5
5714;1036;5
5715;1037;5
5716;1038;5
5717;1039;5
5718;1040;5
5719;1041;5
5720;1042;5
5721;1043;5
5722;1044;5
5723;1045;5
5724;1046;5
5725;1047;5
5726;1048;5
5727;1049;5
5728;1050;5
5729;1051;5
5730;1052;5
5731;1053;5
5732;1054;5
5733;1055;5
5734;1056;5
5735;1057;5
5736;1058;5
5737;1059;5
5738;1060;5
5739;1061;5
5740;1062;5
5741;1063;5
5742;1064;5
5743;1065;5
5744;1066;5
5745;1067;5
5746;1068;5
5747;1069;5
5748;1070;5
5749;1071;5
5750;1072;5
5751;1073;5
5752;1074;5
5753;1075;5
5754;1076;5
5755;1077;5
5756;1078;5
5757;1079;5
5758;1080;5
5759;1081;5
5760;1082;5
5761;1083;5
5762;1084;5
5763;1085;5
5764;1086;5
5765;1087;5
5766;1088;5
5767;1089;5
5768;1090;5
5769;1091;5
5770;1092;5
5771;1093;5
5772;1094;5
5773;1095;5
5774;1096;5
5775;1097;5
5776;1098;5
5777;1099;5
5778;1100;5
5779;1101;5
5780;1102;5
5781;1103;5
5782;1104;5
5783;1105;5
5785;1107;5
5786;1108;5
5787;1109;5
5788;1110;5
5789;1111;5
5790;1112;5
5791;1113;5
5792;1114;5
5793;1115;5
5794;1116;5
5795;1117;5
5796;1118;5
5797;1119;5
5798;1120;5
5799;1121;5
5800;1122;5
5801;1123;5
5802;1124;5
5803;1125;5
5804;1126;5
5805;1127;5
5806;1128;5
5807;1129;5
5808;1130;5
5809;1131;5
5810;1132;5
5811;1133;5
5812;1134;5
5813;1135;5
5814;1136;5
5815;1137;5
5816;1138;5
5817;1139;5
5818;1140;5
5819;1141;5
5820;1142;5
5821;1143;5
5822;1144;5
5823;1145;5
5824;1146;5
5825;1147;5
5826;1148;5
5827;1149;5
5828;1150;5
5829;1151;5
5830;1152;5
5831;1153;5
5832;1154;5
5833;1155;5
5834;1156;5
5835;1157;5
5836;1158;5
5837;1159;5
5838;1160;5
5839;1161;5
5841;1163;5
5842;1164;5
5843;1165;5
5844;1166;5
5845;1167;5
5846;1168;5
5847;1169;5
5848;1170;5
5849;1171;5
5850;1172;5
5851;1173;5
5852;1174;5
5853;1175;5
5854;1176;5
5855;1177;5
5856;1178;5
5857;1179;5
5858;1180;5
5859;1181;5
5860;1182;5
5861;1183;5
5862;1184;5
5863;1185;5
5865;1187;5
5866;1188;5
5867;1189;5
5868;1190;5
5869;1191;5
5870;1192;5
5871;1193;5
5872;1194;5
5873;1195;5
5874;1196;5
5875;1197;5
5876;1198;5
5877;1199;5
5878;1200;5
5879;1201;5
5880;1202;5
5881;1203;5
5882;1204;5
5883;1205;5
5884;1206;5
5885;1207;5
5886;1208;5
5887;1209;5
5888;1210;5
5889;1211;5
5890;1212;5
5891;1213;5
5892;1214;5
5893;1215;5
5894;1216;5
5895;1217;5
5896;1218;5
5897;1219;5
5898;1220;5
5899;1221;5
5900;1222;5
5901;1223;5
5902;1224;5
5903;1225;5
5904;1226;5
5905;1227;5
5906;1228;5
5907;1229;5
5908;1230;5
5909;1231;5
5910;1232;5
5911;1383;1
5912;1384;1
5913;1385;1
5914;1383;2
5915;1384;2
5916;1385;2
5917;1383;3
5918;1384;3
5919;1385;3
5920;1383;4
5921;1384;4
5922;1385;4
5923;1383;5
5924;1384;5
5925;1385;5
5932;1400;1
5933;1400;2
5934;1400;3
5935;1400;4
5936;1400;5
5937;1394;1
5938;1394;2
5939;1394;3
5940;1394;4
5943;1395;4
5944;1395;3
5945;1395;2
5946;1395;1
5947;1396;5
5948;1396;5
5949;1396;4
5950;1396;3
5951;1396;2
5952;1397;5
5954;1397;4
5955;1397;3
5956;1397;2
5957;1398;5
5958;1398;5
5959;1398;4
5960;1398;3
5961;1398;2
5962;1399;1
5963;1399;2
5964;1399;3
5965;1399;4
5966;1399;5
5967;1401;1
5968;1401;2
5969;1401;3
5970;1401;4
5971;1401;5
5972;1402;1
5973;1402;2
5974;1402;3
5975;1402;4
5976;1402;5
5977;1413;1
5978;1413;2
5979;1413;3
5980;1413;4
5981;1413;5
5941;1394;1
5942;1395;1
5953;1397;1
5982;1407;1
5983;1407;2
5984;1407;3
5985;1407;4
5986;1407;5
5987;1408;1
5988;1408;2
5989;1408;3
5990;1408;4
5991;1408;5
5992;1409;1
5993;1409;2
5994;1409;3
5995;1409;4
5996;1409;5
5997;1410;1
5998;1410;2
5999;1410;3
6000;1410;4
6001;1410;5
6002;1411;1
6003;1411;2
6004;1411;3
6005;1411;4
6006;1411;5
6007;1414;1
6008;1414;2
6009;1414;3
6010;1414;4
6011;1414;5
6012;1412;1
6013;1412;2
6014;1412;3
6015;1412;4
6016;1412;5
6017;1415;1
6018;1415;2
6019;1415;3
6020;1415;4
6021;1415;5
